srcip,srcport,dstip,dstport,proto,duration
130.233.145.193,50110.0,130.233.251.6,53.0,17.0,588979108.0
130.233.145.193,0.0,54.250.239.227,19704.0,1.0,0.0
130.233.226.86,58290.0,,10050.0,6.0,2391.0
130.233.145.193,39166.0,,443.0,6.0,116039273.0
130.233.145.193,52148.0,130.233.227.16,111.0,17.0,520.0
130.233.145.193,48832.0,172.217.20.34,,6.0,5859011.0
130.233.226.86,54936.0,130.233.145.193,10050.0,6.0,1874.0
130.233.145.193,0.0,130.233.226.86,,1.0,0.0
130.233.145.193,45616.0,,10051.0,6.0,3769.0
130.233.145.193,59120.0,130.233.226.86,10051.0,6.0,1285.0
130.233.145.193,0.0,3.112.210.255,4484.0,1.0,0.0
130.233.145.193,44946.0,130.233.226.86,10051.0,6.0,13276.0
130.233.145.193,53294.0,52.114.76.35,443.0,6.0,22538992.0
,2048.0,130.233.145.193,27072.0,1.0,0.0
130.233.145.193,50190.0,13.33.44.248,443.0,6.0,116086979.0
130.233.145.115,138.0,130.233.145.255,138.0,17.0,
13.234.235.84,2048.0,130.233.145.193,1103.0,1.0,0.0
130.233.145.9,138.0,130.233.145.255,138.0,17.0,0.0
130.233.145.162,138.0,,,17.0,0.0
130.233.145.10,138.0,130.233.145.255,138.0,17.0,0.0
130.233.145.193,55468.0,104.244.42.200,443.0,6.0,170275800.0
130.233.226.86,,130.233.145.193,4898.0,1.0,0.0
130.233.145.10,138.0,130.233.145.255,138.0,,0.0
130.233.145.193,45334.0,147.75.102.200,443.0,6.0,170732151.0
,58516.0,130.233.145.193,10050.0,6.0,2535.0
13.231.192.230,2048.0,130.233.145.193,40972.0,1.0,0.0
130.233.145.193,46666.0,208.123.73.73,443.0,6.0,72068197.0
130.233.226.86,53466.0,130.233.145.193,10050.0,6.0,1018.0
130.233.145.193,,23.42.152.238,443.0,6.0,115343533.0
130.233.226.86,2048.0,130.233.145.193,44235.0,1.0,0.0
130.233.145.193,52899.0,130.233.227.12,2049.0,6.0,872.0
,2048.0,130.233.145.193,18052.0,1.0,0.0
130.233.145.193,,130.233.226.86,10051.0,6.0,1471.0
130.233.145.193,0.0,130.233.226.86,45592.0,1.0,0.0
130.233.145.193,60763.0,130.233.227.12,2049.0,6.0,1126.0
130.233.226.86,2048.0,130.233.145.193,9070.0,,0.0
130.233.145.193,49564.0,104.102.56.238,443.0,6.0,40098765.0
130.233.226.86,2048.0,130.233.145.193,34950.0,1.0,0.0
130.233.145.193,59170.0,130.233.226.86,10051.0,6.0,3441.0
130.233.145.193,40912.0,216.58.211.2,443.0,6.0,58336361.0
130.233.145.193,0.0,130.233.226.86,14330.0,1.0,0.0
130.233.145.70,138.0,130.233.145.255,,17.0,0.0
130.233.145.193,51920.0,23.42.152.29,,6.0,211817454.0
130.233.145.193,57186.0,173.194.222.156,443.0,6.0,574273952.0
130.233.145.193,,130.233.226.86,15939.0,1.0,0.0
130.233.145.115,138.0,130.233.145.255,138.0,,0.0
130.233.145.118,138.0,130.233.145.255,138.0,17.0,0.0
130.233.145.135,138.0,130.233.145.255,138.0,17.0,0.0
130.233.226.86,2048.0,130.233.145.193,52360.0,1.0,0.0
54.65.70.208,2048.0,130.233.145.193,48615.0,1.0,0.0
130.233.145.129,138.0,130.233.145.255,138.0,17.0,0.0
130.233.226.86,2048.0,130.233.145.193,50039.0,,0.0
130.233.226.86,2048.0,130.233.145.193,38845.0,1.0,0.0
130.233.145.193,35612.0,93.184.220.29,80.0,6.0,115246367.0
130.233.145.193,811.0,130.233.227.12,635.0,17.0,1113.0
130.233.145.193,42184.0,130.233.226.86,10051.0,6.0,2802.0
130.233.145.193,,130.233.226.86,19967.0,1.0,0.0
130.233.145.193,54646.0,136.144.49.28,,6.0,170311964.0
130.233.145.193,40490.0,130.233.227.12,2049.0,17.0,353.0
130.233.145.157,57621.0,130.233.145.255,57621.0,17.0,569786230.0
130.233.145.193,,13.107.136.13,443.0,6.0,127767969.0
130.233.226.86,2048.0,130.233.145.193,22468.0,1.0,0.0
130.233.145.99,138.0,130.233.145.255,138.0,17.0,0.0
130.233.145.193,60376.0,172.217.20.42,443.0,6.0,235104645.0
130.233.145.193,0.0,130.233.226.86,14774.0,1.0,0.0
130.233.145.193,53816.0,151.139.128.14,80.0,6.0,25869082.0
130.233.145.193,48062.0,52.85.241.4,443.0,6.0,115789353.0
130.233.145.193,0.0,130.233.226.86,9557.0,1.0,
130.233.145.193,51271.0,130.233.227.16,111.0,,283.0
130.233.145.193,0.0,13.234.221.179,18077.0,1.0,0.0
130.233.145.193,0.0,,13050.0,1.0,0.0
,60042.0,35.158.45.192,443.0,6.0,272936078.0
130.233.145.193,35960.0,172.217.21.131,,6.0,115710757.0
130.233.145.193,59604.0,151.101.85.111,443.0,6.0,24633.0
130.233.145.193,39226.0,216.58.211.14,443.0,6.0,170528505.0
,52654.0,52.114.6.46,,6.0,6725284.0
130.233.145.193,38877.0,130.233.227.12,2049.0,6.0,1038.0
130.233.145.193,,46.228.164.13,443.0,6.0,5178957.0
130.233.145.193,38692.0,23.42.154.17,443.0,6.0,5024099.0
130.233.145.118,138.0,130.233.145.255,138.0,17.0,0.0
130.233.145.193,48826.0,64.202.112.63,443.0,6.0,489208.0
130.233.145.193,38456.0,192.0.77.2,443.0,,23354.0
130.233.145.193,,130.233.226.86,36130.0,1.0,0.0
,2048.0,130.233.145.193,25894.0,1.0,0.0
130.233.145.193,45646.0,130.233.226.86,10051.0,6.0,2802.0
,138.0,130.233.145.255,,17.0,0.0
130.233.145.193,49972.0,157.240.194.27,443.0,6.0,28210.0
130.233.145.193,42408.0,130.233.226.86,10051.0,6.0,1728.0
130.233.145.193,0.0,54.65.70.208,63237.0,1.0,0.0
130.233.145.193,41626.0,130.233.226.86,10051.0,6.0,1576.0
130.233.145.193,38446.0,192.0.77.2,443.0,6.0,32702.0
130.233.145.193,50110.0,130.233.251.7,53.0,17.0,572547720.0
130.233.145.35,57621.0,130.233.145.255,57621.0,17.0,453431057.0
130.233.145.193,42438.0,70.42.32.31,443.0,6.0,609264.0
,50462.0,91.198.174.208,443.0,6.0,87827.0
130.233.145.15,138.0,130.233.145.255,138.0,17.0,0.0
130.233.145.193,0.0,130.233.226.86,20183.0,1.0,0.0
130.233.145.193,45614.0,130.233.226.86,10051.0,6.0,
130.233.145.193,33094.0,13.33.76.166,443.0,6.0,275139224.0
130.233.226.86,2048.0,130.233.145.193,21930.0,1.0,0.0
130.233.145.193,39126.0,216.58.207.227,443.0,6.0,56319.0
130.233.145.193,48070.0,52.85.241.73,443.0,6.0,
130.233.145.193,44244.0,130.233.227.12,111.0,6.0,1021.0
,60050.0,151.101.85.111,443.0,6.0,23826.0
130.233.145.90,138.0,130.233.145.255,138.0,17.0,0.0
130.233.145.53,138.0,130.233.145.255,138.0,17.0,0.0
130.233.226.86,2048.0,130.233.145.193,,1.0,0.0
130.233.226.86,2048.0,130.233.145.193,40705.0,1.0,0.0
130.233.145.193,39390.0,52.40.41.239,443.0,6.0,61524777.0
130.233.226.86,2048.0,130.233.145.193,61059.0,1.0,0.0
,46676.0,208.123.73.73,443.0,6.0,71128313.0
130.233.145.193,53436.0,216.58.207.227,443.0,6.0,576317009.0
130.233.226.86,41940.0,130.233.145.193,10050.0,,1798.0
130.233.226.86,2048.0,130.233.145.193,33935.0,1.0,0.0
130.233.145.193,59718.0,130.233.227.12,111.0,17.0,404.0
130.233.226.86,48622.0,130.233.145.193,10050.0,6.0,
130.233.145.157,57621.0,130.233.145.255,57621.0,17.0,570143367.0
130.233.226.86,2048.0,130.233.145.193,58444.0,,
13.234.221.187,2048.0,130.233.145.193,,1.0,0.0
130.233.226.86,2048.0,130.233.145.193,57596.0,1.0,0.0
130.233.145.193,0.0,130.233.226.86,52087.0,1.0,0.0
130.233.145.71,138.0,130.233.145.255,138.0,17.0,0.0
130.233.145.193,58584.0,52.16.160.11,443.0,6.0,28436591.0
130.233.145.193,51826.0,23.42.154.185,443.0,6.0,116129969.0
130.233.145.193,37752.0,93.184.220.113,443.0,6.0,50937.0
130.233.145.193,37472.0,130.233.227.12,635.0,17.0,348.0
130.233.145.193,51658.0,130.233.227.12,635.0,17.0,450.0
130.233.145.193,0.0,130.233.226.86,46309.0,1.0,0.0
130.233.145.193,42288.0,130.233.226.86,10051.0,6.0,2439.0
130.233.226.86,2048.0,130.233.145.193,28259.0,1.0,0.0
130.233.145.193,838.0,130.233.227.12,635.0,17.0,401.0
130.233.145.193,0.0,54.168.37.128,25492.0,1.0,0.0
130.233.145.193,46614.0,151.101.84.175,443.0,6.0,5680112.0
130.233.145.179,17500.0,130.233.145.255,17500.0,17.0,
130.233.145.193,0.0,130.233.226.86,23978.0,1.0,0.0
130.233.145.193,,130.233.226.86,10051.0,6.0,2379.0
130.233.145.193,,157.240.194.27,443.0,6.0,28980.0
130.233.145.193,45207.0,130.233.227.12,111.0,6.0,2178.0
130.233.145.193,0.0,130.233.226.86,,1.0,0.0
130.233.145.193,39576.0,130.233.227.12,635.0,17.0,420.0
130.233.145.193,,185.29.133.199,443.0,6.0,197840720.0
130.233.145.193,771.0,130.233.251.5,36834.0,1.0,506940.0
,39564.0,216.58.207.195,443.0,6.0,284424409.0
130.233.145.193,,130.233.227.12,,6.0,
13.234.221.163,2048.0,130.233.145.193,47482.0,1.0,0.0
130.233.145.193,56698.0,130.233.226.86,10051.0,6.0,5142.0
130.233.145.193,57974.0,31.13.72.8,443.0,6.0,555071977.0
,2048.0,130.233.145.193,598.0,1.0,0.0
130.233.226.86,2048.0,130.233.145.193,48369.0,1.0,0.0
130.233.145.193,0.0,130.233.226.86,42753.0,1.0,0.0
130.233.226.86,2048.0,130.233.145.193,21764.0,1.0,0.0
130.233.226.86,2048.0,130.233.145.193,51437.0,1.0,0.0
130.233.145.193,44688.0,195.8.215.224,443.0,6.0,1203500.0
130.233.145.187,137.0,130.233.145.255,137.0,17.0,109968592.0
130.233.145.193,48933.0,130.233.227.12,111.0,17.0,733.0
130.233.145.193,59548.0,130.233.227.12,111.0,17.0,423.0
130.233.145.193,56772.0,130.233.226.86,10051.0,6.0,3850.0
130.233.145.193,58936.0,140.109.20.229,443.0,6.0,8288425.0
130.233.145.173,138.0,130.233.145.255,138.0,17.0,0.0
130.233.145.193,39760.0,93.184.220.66,443.0,6.0,116184469.0
130.233.226.86,2048.0,130.233.145.193,13006.0,,0.0
130.233.145.12,137.0,130.233.145.255,137.0,17.0,1500846.0
130.233.145.193,0.0,130.233.226.86,4969.0,1.0,0.0
130.233.145.193,43036.0,13.33.96.154,80.0,,158528958.0
130.233.145.193,0.0,13.234.209.251,,1.0,
130.233.145.193,46652.0,151.101.84.175,443.0,6.0,5032165.0
130.233.145.193,53306.0,,80.0,,1032227.0
130.233.145.94,138.0,130.233.145.255,138.0,17.0,92846227.0
130.233.145.193,50110.0,130.233.251.5,53.0,17.0,
130.233.145.193,33604.0,192.0.73.2,443.0,6.0,32568.0
130.233.145.193,57410.0,130.233.227.12,111.0,6.0,1054.0
130.233.226.86,2048.0,130.233.145.193,43011.0,,
130.233.145.193,52640.0,52.114.6.46,443.0,6.0,6996592.0
130.233.145.193,59162.0,130.233.226.86,10051.0,6.0,3359.0
130.233.226.86,55226.0,130.233.145.193,10050.0,6.0,920.0
130.233.145.193,0.0,130.233.226.86,54408.0,1.0,0.0
130.233.226.86,2048.0,130.233.145.193,15196.0,1.0,0.0
130.233.145.193,54005.0,130.233.227.12,2049.0,6.0,902.0
130.233.145.193,44980.0,130.233.226.86,,6.0,13058.0
130.233.226.86,2048.0,130.233.145.193,11611.0,1.0,0.0
130.233.145.193,33612.0,192.0.73.2,443.0,6.0,32252.0
130.233.145.193,45732.0,130.233.226.86,10051.0,6.0,2157.0
13.234.221.188,2048.0,130.233.145.193,23410.0,1.0,0.0
130.233.226.86,37808.0,130.233.145.193,10050.0,6.0,1275.0
130.233.145.193,44764.0,195.8.215.224,443.0,6.0,
130.233.145.193,,54.171.13.176,443.0,6.0,6090267.0
130.233.145.193,50588.0,23.42.152.238,443.0,6.0,115638335.0
130.233.145.193,43466.0,130.233.227.12,111.0,6.0,945.0
130.233.145.154,138.0,130.233.145.255,138.0,17.0,0.0
130.233.145.193,34840.0,130.233.251.5,389.0,6.0,61683.0
130.233.145.101,138.0,130.233.145.255,138.0,17.0,0.0
,59100.0,130.233.226.86,10051.0,6.0,2222.0
130.233.145.115,138.0,130.233.145.255,138.0,17.0,0.0
130.233.145.151,138.0,130.233.145.255,138.0,17.0,0.0
130.233.145.193,50602.0,23.42.152.238,443.0,6.0,
130.233.226.86,56796.0,130.233.145.193,10050.0,6.0,
130.233.145.18,138.0,130.233.145.255,138.0,17.0,0.0
130.233.145.193,42894.0,23.32.99.162,443.0,6.0,115736746.0
130.233.145.193,45562.0,130.233.226.86,,6.0,1655.0
130.233.145.193,52188.0,23.42.152.29,443.0,6.0,91962884.0
130.233.145.138,,130.233.145.255,137.0,17.0,1511848.0
130.233.145.193,52652.0,52.114.6.46,443.0,6.0,8911502.0
130.233.145.193,41610.0,130.233.226.86,10051.0,6.0,4140.0
130.233.145.193,43396.0,130.233.227.12,111.0,6.0,1076.0
130.233.145.193,46066.0,52.85.241.116,443.0,6.0,93172.0
130.233.145.193,48196.0,172.217.20.54,443.0,6.0,170656022.0
130.233.145.193,58944.0,140.109.20.229,443.0,6.0,8426825.0
130.233.145.193,53103.0,130.233.227.12,111.0,17.0,441.0
130.233.145.193,0.0,130.233.226.86,25156.0,1.0,0.0
130.233.226.86,2048.0,130.233.145.193,34082.0,,0.0
130.233.145.193,0.0,130.233.226.86,45059.0,1.0,0.0
130.233.226.86,,130.233.145.193,35974.0,1.0,0.0
130.233.145.193,42532.0,70.42.32.31,443.0,6.0,574108.0
130.233.145.193,0.0,52.69.153.168,1440.0,1.0,0.0
130.233.145.193,50184.0,13.33.44.248,443.0,6.0,115194821.0
130.233.145.193,48930.0,192.0.72.31,443.0,6.0,27277.0
130.233.145.193,34222.0,151.101.84.133,443.0,6.0,115920929.0
130.233.145.193,,54.171.13.176,443.0,6.0,230696824.0
130.233.145.193,0.0,130.233.226.86,17449.0,1.0,0.0
130.233.145.193,,13.33.44.61,443.0,6.0,116079099.0
130.233.145.193,60792.0,130.233.227.12,635.0,17.0,576.0
130.233.145.193,0.0,130.233.226.86,32313.0,1.0,0.0
130.233.226.86,2048.0,130.233.145.193,35444.0,1.0,0.0
,45776.0,130.233.227.12,111.0,6.0,
130.233.145.193,0.0,130.233.226.86,56561.0,1.0,0.0
130.233.145.193,53352.0,37.252.173.38,443.0,6.0,5919498.0
130.233.145.193,56174.0,130.233.251.5,88.0,6.0,
130.233.145.193,55998.0,172.217.21.168,443.0,6.0,1185325.0
130.233.145.193,0.0,130.233.226.86,55155.0,1.0,0.0
130.233.145.193,44956.0,130.233.226.86,10051.0,,1790.0
130.233.145.193,47232.0,50.63.243.230,80.0,,
130.233.145.193,58138.0,195.8.215.171,443.0,6.0,170541688.0
130.233.226.86,2048.0,130.233.145.193,,1.0,0.0
130.233.145.16,138.0,130.233.145.255,138.0,17.0,0.0
54.65.70.208,2048.0,130.233.145.193,61189.0,1.0,0.0
130.233.145.193,59944.0,130.233.227.12,111.0,6.0,13356.0
130.233.145.193,41422.0,185.64.189.110,443.0,6.0,5914000.0
130.233.145.156,137.0,130.233.145.255,137.0,17.0,1507199.0
130.233.145.193,0.0,130.233.226.86,51181.0,1.0,
130.233.145.193,0.0,130.233.226.86,25990.0,1.0,0.0
130.233.145.193,55628.0,104.27.143.249,443.0,6.0,2612939.0
130.233.226.86,2048.0,130.233.145.193,52149.0,1.0,0.0
130.233.145.135,138.0,130.233.145.255,138.0,17.0,0.0
130.233.145.193,52126.0,,443.0,6.0,5298162.0
130.233.226.86,51874.0,130.233.145.193,10050.0,6.0,1029.0
130.233.226.86,2048.0,130.233.145.193,28092.0,1.0,0.0
130.233.145.193,60760.0,130.233.227.12,635.0,17.0,3612.0
130.233.145.83,8612.0,130.233.145.255,8610.0,17.0,248581124.0
130.233.145.193,42326.0,130.233.226.86,10051.0,6.0,
130.233.145.193,59334.0,54.171.13.176,443.0,6.0,54241708.0
130.233.251.5,54044.0,130.233.145.193,137.0,17.0,
,2048.0,130.233.145.193,19828.0,1.0,0.0
130.233.145.193,0.0,13.234.221.188,25458.0,1.0,0.0
130.233.226.86,,130.233.145.193,41589.0,1.0,0.0
130.233.226.86,38526.0,130.233.145.193,10050.0,6.0,677.0
130.233.226.86,2048.0,130.233.145.193,,1.0,0.0
130.233.145.135,138.0,130.233.145.255,138.0,17.0,0.0
130.233.226.86,2048.0,130.233.145.193,59686.0,1.0,0.0
130.233.145.162,138.0,130.233.145.255,138.0,17.0,0.0
130.233.145.193,59186.0,130.233.226.86,10051.0,6.0,
130.233.145.193,50110.0,130.233.251.5,53.0,17.0,595552131.0
,45852.0,130.233.227.12,111.0,6.0,
130.233.226.86,43298.0,130.233.145.193,10050.0,6.0,2441.0
130.233.145.193,50452.0,91.198.174.208,443.0,6.0,177756699.0
130.233.145.193,0.0,,24396.0,1.0,0.0
130.233.145.193,60854.0,162.159.130.81,443.0,6.0,174808225.0
130.233.226.86,2048.0,130.233.145.193,49975.0,1.0,0.0
130.233.145.193,50580.0,91.198.174.208,443.0,6.0,
,48938.0,192.0.72.31,443.0,6.0,26064.0
,41484.0,185.64.189.110,,6.0,6047894.0
130.233.226.86,2048.0,130.233.145.193,38967.0,1.0,0.0
130.233.145.66,138.0,130.233.145.255,138.0,17.0,0.0
130.233.145.193,60801.0,130.233.227.12,111.0,6.0,2071.0
130.233.226.86,34456.0,130.233.145.193,10050.0,6.0,1294.0
130.233.145.193,0.0,130.233.226.86,5744.0,1.0,0.0
130.233.145.193,59039.0,130.233.227.12,2049.0,6.0,828.0
130.233.145.193,,130.233.227.16,635.0,17.0,
130.233.145.193,49342.0,,443.0,6.0,477868492.0
130.233.145.193,43524.0,130.233.227.12,111.0,6.0,1036.0
130.233.145.193,0.0,130.233.226.86,44267.0,1.0,0.0
130.233.145.193,0.0,130.233.226.86,53485.0,1.0,0.0
130.233.145.10,137.0,130.233.145.255,137.0,17.0,15143459.0
130.233.145.193,54482.0,188.65.124.58,443.0,6.0,582737126.0
130.233.145.193,0.0,13.234.221.187,52158.0,1.0,0.0
130.233.145.167,137.0,130.233.145.255,137.0,17.0,1519271.0
130.233.145.193,44698.0,195.8.215.224,443.0,6.0,1184713.0
130.233.145.193,50075.0,130.233.227.12,2049.0,17.0,403.0
130.233.145.193,0.0,130.233.226.86,17160.0,1.0,0.0
130.233.226.86,2048.0,130.233.145.193,15401.0,1.0,0.0
130.233.145.193,49350.0,216.58.211.130,443.0,6.0,170083509.0
130.233.145.193,34568.0,172.217.21.129,443.0,6.0,
130.233.145.193,0.0,130.233.226.86,49648.0,1.0,0.0
,0.0,13.234.227.70,29120.0,1.0,0.0
130.233.145.193,56754.0,,10051.0,6.0,9891.0
130.233.145.193,0.0,130.233.226.86,,1.0,0.0
130.233.145.193,41620.0,130.233.226.86,10051.0,6.0,3317.0
130.233.145.31,138.0,130.233.145.255,138.0,17.0,0.0
130.233.226.86,2048.0,130.233.145.193,49282.0,1.0,0.0
130.233.145.193,55204.0,40.102.34.34,443.0,6.0,1064084.0
130.233.145.193,56588.0,130.233.227.12,111.0,6.0,
35.156.241.107,2048.0,130.233.145.193,4215.0,1.0,0.0
130.233.145.47,138.0,130.233.145.255,138.0,17.0,0.0
130.233.145.193,0.0,130.233.226.86,54197.0,1.0,0.0
130.233.226.86,47144.0,130.233.145.193,10050.0,6.0,927.0
130.233.145.193,53300.0,104.200.21.240,80.0,6.0,1025513.0
130.233.145.193,0.0,130.233.226.86,35484.0,1.0,0.0
130.233.145.193,59650.0,216.58.207.234,443.0,6.0,170317713.0
,58808.0,104.27.166.220,443.0,6.0,46637.0
130.233.145.193,59176.0,130.233.226.86,10051.0,,2134.0
130.233.145.193,0.0,130.233.226.86,2314.0,1.0,0.0
130.233.145.193,0.0,130.233.226.86,24245.0,1.0,0.0
130.233.145.63,138.0,130.233.145.255,138.0,17.0,0.0
130.233.145.193,,130.233.226.86,48360.0,1.0,0.0
130.233.145.193,56732.0,130.233.227.12,635.0,17.0,397.0
130.233.145.193,45474.0,130.233.226.86,10051.0,6.0,2748.0
130.233.226.86,2048.0,130.233.145.193,2255.0,1.0,0.0
130.233.145.193,42440.0,70.42.32.31,443.0,6.0,567934.0
130.233.145.157,137.0,130.233.145.255,,,1499876.0
130.233.145.193,0.0,130.233.226.86,14947.0,1.0,0.0
130.233.145.193,38270.0,52.212.90.74,443.0,,60465344.0
130.233.145.193,50502.0,151.101.84.217,443.0,6.0,474712618.0
130.233.145.193,36308.0,130.233.227.16,111.0,6.0,924.0
130.233.145.193,59046.0,46.51.199.167,443.0,6.0,237866814.0
130.233.145.193,0.0,130.233.226.86,58390.0,1.0,0.0
130.233.145.193,51604.0,,443.0,6.0,60468222.0
130.233.145.193,834.0,130.233.227.12,635.0,17.0,330.0
130.233.226.86,2048.0,130.233.145.193,3350.0,1.0,0.0
130.233.145.193,52068.0,23.42.154.185,443.0,6.0,5554113.0
130.233.226.86,2048.0,,51724.0,1.0,0.0
130.233.226.86,2048.0,130.233.145.193,4671.0,1.0,0.0
130.233.145.193,0.0,,10560.0,1.0,0.0
130.233.145.193,44634.0,216.58.211.3,443.0,6.0,170215390.0
130.233.226.86,2048.0,130.233.145.193,3696.0,1.0,0.0
130.233.145.193,42470.0,70.42.32.31,443.0,6.0,565716.0
130.233.145.193,0.0,130.233.226.86,45412.0,1.0,0.0
130.233.145.193,0.0,130.233.226.86,62681.0,1.0,0.0
130.233.145.193,57534.0,,10051.0,6.0,1570.0
130.233.226.86,2048.0,130.233.145.193,45558.0,,0.0
130.233.145.193,56784.0,130.233.226.86,10051.0,,13731.0
130.233.145.193,0.0,130.233.226.86,9241.0,1.0,0.0
130.233.226.86,2048.0,130.233.145.193,39995.0,1.0,0.0
130.233.145.193,0.0,130.233.226.86,38022.0,1.0,0.0
130.233.145.193,59252.0,216.58.207.206,443.0,6.0,82568.0
130.233.145.193,34584.0,185.33.223.215,443.0,6.0,5723804.0
130.233.145.193,41158.0,188.65.124.64,443.0,6.0,65224655.0
130.233.145.193,59202.0,54.171.13.176,443.0,6.0,32094707.0
130.233.145.193,35870.0,34.95.120.147,443.0,6.0,170435597.0
130.233.145.9,138.0,130.233.145.255,138.0,17.0,0.0
130.233.145.193,45502.0,13.107.18.11,443.0,6.0,124548048.0
130.233.226.86,2048.0,130.233.145.193,26486.0,1.0,0.0
130.233.145.193,0.0,130.233.226.86,41015.0,1.0,0.0
130.233.145.193,44966.0,130.233.226.86,10051.0,6.0,3557.0
130.233.145.193,45458.0,13.107.6.254,443.0,6.0,127315482.0
130.233.226.86,2048.0,130.233.145.193,13732.0,1.0,0.0
130.233.145.193,0.0,130.233.226.86,43637.0,1.0,0.0
130.233.145.193,0.0,130.233.226.86,32842.0,1.0,0.0
130.233.145.193,37830.0,216.58.211.2,443.0,6.0,2490765.0
130.233.145.193,,193.166.4.71,80.0,6.0,115702187.0
130.233.145.193,57188.0,172.217.21.131,443.0,6.0,285429863.0
130.233.145.193,59582.0,151.101.85.111,443.0,6.0,25696.0
130.233.226.86,2048.0,130.233.145.193,,1.0,0.0
130.233.145.193,,130.233.227.12,111.0,17.0,364.0
130.233.145.193,53298.0,52.114.76.35,443.0,6.0,
130.233.145.193,,,111.0,17.0,516.0
130.233.145.193,59202.0,130.233.226.86,10051.0,6.0,2272.0
130.233.226.86,2048.0,130.233.145.193,,1.0,0.0
130.233.145.94,58906.0,130.233.145.255,137.0,17.0,0.0
130.233.226.86,2048.0,,9591.0,1.0,0.0
130.233.145.193,38976.0,216.58.211.14,443.0,6.0,170681127.0
130.233.145.193,50007.0,,2049.0,6.0,978.0
130.233.145.101,138.0,130.233.145.255,138.0,17.0,0.0
130.233.145.193,0.0,130.233.226.86,25218.0,1.0,0.0
130.233.226.86,2048.0,130.233.145.193,26710.0,1.0,0.0
130.233.226.86,2048.0,130.233.145.193,62630.0,1.0,0.0
130.233.145.193,,23.42.152.29,443.0,6.0,5537101.0
130.233.145.99,138.0,130.233.145.255,138.0,17.0,0.0
130.233.145.193,56704.0,130.233.226.86,10051.0,6.0,1784.0
130.233.145.193,49494.0,52.178.90.230,,6.0,580581704.0
130.233.226.86,2048.0,130.233.145.193,50447.0,1.0,0.0
130.233.226.86,2048.0,130.233.145.193,42865.0,1.0,0.0
130.233.226.86,2048.0,,38579.0,1.0,0.0
130.233.145.193,0.0,130.233.226.86,47157.0,,0.0
130.233.145.193,33434.0,216.58.207.202,443.0,6.0,170313929.0
130.233.145.193,41652.0,130.233.226.86,10051.0,6.0,2550.0
130.233.226.86,2048.0,130.233.145.193,16579.0,1.0,0.0
130.233.226.86,2048.0,130.233.145.193,8512.0,1.0,0.0
130.233.145.193,41662.0,130.233.226.86,10051.0,6.0,2359.0
130.233.145.193,55826.0,104.244.42.200,443.0,6.0,2521418.0
130.233.226.86,2048.0,130.233.145.193,15454.0,1.0,0.0
130.233.145.193,53632.0,,635.0,,379.0
130.233.145.193,58214.0,54.72.133.38,443.0,6.0,228095689.0
,2048.0,130.233.145.193,52409.0,1.0,0.0
130.233.145.193,52284.0,23.42.153.199,443.0,6.0,122945500.0
130.233.145.193,59122.0,,10051.0,6.0,15022.0
130.233.145.182,138.0,130.233.145.255,138.0,17.0,0.0
130.233.145.193,35412.0,130.233.227.12,111.0,17.0,474.0
130.233.145.193,0.0,130.233.226.86,22185.0,1.0,0.0
130.233.145.193,33610.0,192.0.73.2,443.0,6.0,171049963.0
130.233.145.193,50110.0,130.233.251.5,53.0,17.0,345615614.0
,41608.0,23.42.153.4,443.0,6.0,40038829.0
130.233.145.193,41196.0,193.166.4.71,80.0,6.0,23111865.0
,138.0,130.233.145.255,138.0,17.0,0.0
130.233.145.154,138.0,130.233.145.255,138.0,17.0,0.0
130.233.145.193,,130.233.226.86,10051.0,6.0,1475.0
130.233.145.193,0.0,3.112.14.218,61233.0,1.0,0.0
130.233.145.193,56640.0,130.233.227.12,111.0,6.0,1109.0
130.233.145.47,138.0,130.233.145.255,138.0,17.0,0.0
130.233.145.193,,107.178.254.65,443.0,6.0,170464273.0
130.233.145.193,0.0,130.233.226.86,48127.0,1.0,0.0
130.233.145.193,,52.85.240.181,443.0,6.0,171019705.0
130.233.145.193,37584.0,93.184.220.113,443.0,6.0,59967799.0
130.233.145.71,138.0,,138.0,,0.0
130.233.145.193,49462.0,104.102.56.238,,6.0,44128268.0
130.233.145.193,41614.0,130.233.226.86,10051.0,6.0,1218.0
130.233.145.193,44934.0,130.233.226.86,10051.0,6.0,1484.0
130.233.145.193,51868.0,23.42.154.185,443.0,6.0,5956954.0
130.233.145.193,45386.0,31.13.72.12,,6.0,30824.0
130.233.145.193,59192.0,13.33.44.179,443.0,6.0,116086287.0
130.233.145.193,37748.0,,443.0,6.0,38207.0
130.233.226.86,35140.0,130.233.145.193,10050.0,6.0,6747.0
130.233.145.193,43266.0,216.58.211.1,,6.0,170655236.0
130.233.145.193,39170.0,54.192.98.201,443.0,6.0,115937231.0
130.233.145.193,39572.0,130.233.227.12,111.0,17.0,690.0
130.233.145.193,0.0,,26638.0,1.0,0.0
130.233.226.86,47092.0,130.233.145.193,10050.0,6.0,3802.0
130.233.145.193,0.0,13.234.235.84,3151.0,1.0,0.0
130.233.145.193,59578.0,151.101.85.111,,6.0,577080345.0
130.233.226.86,2048.0,130.233.145.193,12726.0,1.0,0.0
130.233.145.193,50110.0,130.233.251.6,53.0,17.0,578369250.0
130.233.145.193,41624.0,130.233.226.86,10051.0,6.0,1799.0
130.233.145.193,35846.0,130.233.227.12,635.0,17.0,382.0
,2048.0,130.233.145.193,19999.0,1.0,0.0
130.233.145.193,59208.0,130.233.226.86,10051.0,6.0,9416.0
130.233.145.193,50814.0,151.101.128.217,443.0,6.0,116960672.0
130.233.145.193,48582.0,172.217.20.34,443.0,6.0,170780310.0
130.233.226.86,2048.0,130.233.145.193,2921.0,1.0,0.0
130.233.145.193,818.0,130.233.227.12,635.0,17.0,347.0
130.233.145.193,,130.233.226.86,10051.0,,1417.0
130.233.226.86,44084.0,130.233.145.193,10050.0,6.0,2416.0
13.234.209.251,2048.0,130.233.145.193,632.0,1.0,0.0
130.233.145.193,59252.0,,443.0,6.0,124366843.0
130.233.145.193,45672.0,130.233.226.86,10051.0,6.0,2857.0
130.233.226.86,2048.0,130.233.145.193,20201.0,1.0,0.0
,46484.0,151.101.84.175,443.0,6.0,5031802.0
130.233.145.193,0.0,13.234.227.70,25835.0,1.0,0.0
130.233.145.193,0.0,3.112.14.218,46317.0,1.0,0.0
130.233.145.173,137.0,130.233.145.255,137.0,17.0,1523851.0
130.233.145.193,0.0,,32362.0,1.0,
130.233.145.193,57675.0,130.233.227.16,111.0,17.0,677.0
130.233.145.193,42402.0,70.42.32.31,443.0,6.0,572161.0
130.233.145.193,830.0,130.233.227.12,635.0,17.0,358.0
130.233.145.18,138.0,130.233.145.255,138.0,17.0,0.0
130.233.145.193,44984.0,130.233.226.86,10051.0,6.0,2241.0
130.233.145.193,47463.0,130.233.227.12,111.0,6.0,2034.0
130.233.145.193,0.0,130.233.226.86,39136.0,1.0,0.0
130.233.145.193,59160.0,130.233.226.86,10051.0,6.0,1530.0
130.233.145.193,59184.0,13.33.44.179,443.0,6.0,115633943.0
130.233.226.86,2048.0,130.233.145.193,29997.0,1.0,0.0
130.233.145.193,50202.0,13.33.44.248,443.0,6.0,115944058.0
130.233.145.193,0.0,130.233.226.86,49079.0,,0.0
130.233.226.86,48564.0,130.233.145.193,10050.0,6.0,5817.0
130.233.145.193,55140.0,192.0.76.3,443.0,6.0,319081192.0
130.233.145.151,137.0,130.233.145.255,137.0,17.0,1500432.0
130.233.145.193,45350.0,74.125.20.94,443.0,6.0,653094.0
130.233.145.193,,52.114.6.46,443.0,6.0,10926292.0
130.233.145.193,37764.0,192.0.77.32,443.0,6.0,30509.0
130.233.145.63,138.0,130.233.145.255,138.0,17.0,0.0
130.233.145.193,0.0,130.233.226.86,19643.0,1.0,0.0
130.233.145.35,57621.0,130.233.145.255,57621.0,17.0,305900689.0
130.233.145.193,46400.0,52.16.160.11,80.0,6.0,11432651.0
130.233.145.193,56776.0,130.233.226.86,10051.0,6.0,10983.0
130.233.145.193,59134.0,130.233.226.86,,6.0,1842.0
130.233.145.193,0.0,13.231.192.230,43020.0,1.0,0.0
130.233.145.193,0.0,130.233.226.86,64678.0,1.0,0.0
130.233.145.193,45502.0,130.233.226.86,10051.0,6.0,2527.0
130.233.145.193,42348.0,70.42.32.31,443.0,6.0,570466.0
130.233.145.70,138.0,130.233.145.255,138.0,,0.0
3.8.75.184,2048.0,130.233.145.193,6979.0,1.0,0.0
130.233.145.193,0.0,130.233.226.86,40893.0,1.0,0.0
130.233.145.193,0.0,54.65.70.208,31403.0,1.0,0.0
130.233.226.86,45782.0,130.233.145.193,10050.0,6.0,3053.0
130.233.145.193,41660.0,130.233.226.86,10051.0,6.0,1101.0
,38726.0,130.233.145.193,10050.0,6.0,2871.0
130.233.145.193,49968.0,157.240.194.27,443.0,6.0,170555826.0
130.233.145.193,60620.0,130.233.227.12,111.0,6.0,957.0
130.233.145.193,35372.0,192.139.46.66,443.0,6.0,5654521.0
130.233.145.193,43612.0,31.13.72.8,443.0,6.0,170234595.0
13.234.227.70,2048.0,130.233.145.193,2852.0,1.0,0.0
130.233.145.193,45570.0,130.233.226.86,10051.0,6.0,3227.0
130.233.145.193,53405.0,130.233.227.12,111.0,17.0,701.0
130.233.145.193,56812.0,151.139.128.14,80.0,6.0,65037860.0
130.233.145.193,59446.0,54.171.13.176,443.0,6.0,40669664.0
130.233.145.193,44898.0,130.233.226.86,10051.0,6.0,2495.0
130.233.145.193,44248.0,172.64.173.16,,6.0,59055226.0
130.233.145.193,0.0,13.231.120.57,15379.0,1.0,0.0
130.233.145.193,45952.0,130.233.227.12,111.0,,10267.0
130.233.145.193,47808.0,85.114.159.118,443.0,6.0,5940775.0
130.233.145.115,138.0,130.233.145.255,138.0,17.0,0.0
130.233.145.193,50660.0,130.233.227.12,111.0,17.0,428.0
130.233.145.193,43458.0,104.17.142.36,443.0,6.0,173558441.0
130.233.226.86,2048.0,130.233.145.193,33677.0,1.0,0.0
130.233.145.193,39598.0,216.58.207.195,443.0,6.0,35244.0
,,107.21.62.100,443.0,6.0,20733348.0
130.233.145.193,0.0,130.233.226.86,47815.0,1.0,0.0
130.233.145.193,59452.0,54.171.13.176,443.0,6.0,40802712.0
130.233.145.167,137.0,130.233.145.255,137.0,,1519753.0
130.233.145.193,35782.0,216.58.207.227,80.0,6.0,115286278.0
130.233.226.86,35188.0,130.233.145.193,10050.0,6.0,1038.0
130.233.145.193,50594.0,23.42.152.238,443.0,6.0,115341831.0
130.233.145.99,137.0,130.233.145.255,137.0,17.0,1525825.0
130.233.145.193,44298.0,185.76.9.25,443.0,6.0,170291747.0
,51672.0,216.58.207.193,443.0,6.0,170954078.0
130.233.145.193,797.0,130.233.227.12,635.0,17.0,
130.233.145.193,45726.0,52.85.243.55,443.0,6.0,5270263.0
130.233.145.193,46550.0,23.32.88.144,443.0,6.0,21969237.0
,59597.0,130.233.227.12,2049.0,6.0,794.0
130.233.145.193,0.0,130.233.226.86,40590.0,1.0,0.0
130.233.226.86,2048.0,130.233.145.193,47031.0,1.0,0.0
130.233.145.193,32802.0,13.33.76.166,443.0,6.0,276812708.0
130.233.145.193,0.0,,37080.0,1.0,0.0
130.233.145.193,,151.101.85.111,443.0,6.0,24925.0
130.233.145.193,60216.0,130.233.227.12,111.0,,1478.0
130.233.145.193,42476.0,130.233.226.86,10051.0,6.0,3315.0
130.233.145.193,42432.0,70.42.32.31,443.0,6.0,579116.0
130.233.145.193,0.0,130.233.226.86,16383.0,1.0,0.0
130.233.145.193,39256.0,,443.0,6.0,154810978.0
130.233.145.193,53036.0,188.65.126.249,443.0,6.0,581521064.0
130.233.145.193,45728.0,52.85.243.55,443.0,6.0,5268553.0
54.65.70.208,2048.0,130.233.145.193,24651.0,1.0,0.0
130.233.226.86,57034.0,130.233.145.193,10050.0,6.0,
130.233.145.193,57976.0,31.13.72.8,443.0,6.0,597504117.0
130.233.145.193,41668.0,130.233.226.86,10051.0,,2498.0
130.233.145.193,0.0,130.233.226.86,55596.0,1.0,
130.233.145.180,,130.233.145.255,137.0,17.0,0.0
130.233.145.193,0.0,130.233.226.86,42043.0,1.0,0.0
130.233.145.193,38400.0,130.233.227.12,111.0,17.0,575.0
130.233.145.70,137.0,130.233.145.255,137.0,17.0,1486175.0
130.233.226.86,2048.0,130.233.145.193,43299.0,1.0,0.0
130.233.226.86,55102.0,130.233.145.193,10050.0,6.0,1292.0
130.233.145.193,57690.0,193.166.4.71,80.0,6.0,115676108.0
130.233.145.193,0.0,130.233.226.86,979.0,1.0,0.0
130.233.145.129,138.0,130.233.145.255,138.0,17.0,0.0
130.233.145.53,138.0,130.233.145.255,138.0,17.0,0.0
130.233.145.193,57546.0,130.233.226.86,,6.0,14076.0
130.233.145.193,52224.0,,443.0,6.0,170443483.0
130.233.145.193,44214.0,192.0.78.24,443.0,6.0,171065150.0
130.233.145.193,38454.0,192.0.77.2,443.0,6.0,30911.0
130.233.145.79,138.0,130.233.145.255,138.0,17.0,0.0
,45740.0,130.233.226.86,10051.0,6.0,2426.0
130.233.226.86,2048.0,130.233.145.193,1843.0,1.0,0.0
130.233.145.129,138.0,130.233.145.255,138.0,17.0,0.0
130.233.145.193,37786.0,192.0.77.32,443.0,6.0,29819.0
130.233.145.167,138.0,130.233.145.255,138.0,17.0,0.0
130.233.145.193,0.0,130.233.226.86,11403.0,1.0,0.0
,2048.0,130.233.145.193,42936.0,1.0,0.0
130.233.145.193,0.0,130.233.226.86,44847.0,1.0,
130.233.226.86,2048.0,130.233.145.193,19989.0,1.0,0.0
130.233.226.86,48306.0,130.233.145.193,10050.0,6.0,1523.0
130.233.226.86,2048.0,130.233.145.193,14466.0,1.0,0.0
52.69.153.168,2048.0,130.233.145.193,5202.0,1.0,0.0
130.233.145.193,59468.0,172.217.21.130,443.0,6.0,45687.0
130.233.145.193,0.0,130.233.226.86,59644.0,1.0,0.0
130.233.145.193,57496.0,130.233.226.86,10051.0,6.0,2354.0
130.233.145.193,41640.0,130.233.226.86,10051.0,6.0,3250.0
130.233.145.193,,130.233.226.86,10051.0,6.0,3848.0
130.233.145.193,52386.0,216.58.211.4,,6.0,170956920.0
130.233.145.162,138.0,130.233.145.255,138.0,17.0,0.0
130.233.145.193,48758.0,64.202.112.63,443.0,6.0,466638.0
130.233.145.193,,13.33.76.147,443.0,6.0,576341024.0
,0.0,130.233.226.86,19134.0,1.0,0.0
130.233.145.193,43764.0,51.77.117.114,443.0,6.0,10599463.0
130.233.145.193,40995.0,130.233.227.12,2049.0,6.0,1161.0
130.233.145.193,59026.0,130.233.227.12,111.0,17.0,333.0
130.233.145.193,43306.0,109.105.109.204,443.0,6.0,497034082.0
130.233.145.63,138.0,130.233.145.255,138.0,17.0,0.0
130.233.145.193,40166.0,18.204.96.124,443.0,6.0,115664562.0
130.233.145.193,42456.0,216.58.207.206,443.0,6.0,205943805.0
,52346.0,52.109.88.122,443.0,6.0,123344264.0
130.233.145.193,46704.0,151.101.84.175,443.0,6.0,5030798.0
130.233.145.193,60592.0,,111.0,6.0,10688.0
130.233.145.193,50110.0,130.233.251.6,53.0,17.0,595552171.0
130.233.145.193,0.0,130.233.226.86,13659.0,1.0,
130.233.145.193,46739.0,130.233.227.12,635.0,17.0,415.0
130.233.145.193,0.0,130.233.226.86,48539.0,1.0,0.0
130.233.145.193,0.0,130.233.226.86,57837.0,,0.0
130.233.145.193,49898.0,172.82.248.109,443.0,6.0,18930231.0
,45866.0,130.233.227.12,111.0,6.0,1066.0
130.233.145.193,59174.0,130.233.226.86,10051.0,6.0,1355.0
130.233.145.193,0.0,130.233.226.86,29472.0,1.0,0.0
,39784.0,13.107.136.13,443.0,6.0,124345323.0
130.233.145.193,52352.0,52.109.88.122,443.0,6.0,344146457.0
130.233.145.193,0.0,130.233.226.86,63936.0,1.0,0.0
130.233.145.193,59440.0,91.228.74.145,443.0,6.0,14705358.0
130.233.145.193,38726.0,216.58.211.22,443.0,6.0,60877.0
130.233.145.193,41600.0,130.233.226.86,10051.0,6.0,2003.0
130.233.145.25,138.0,130.233.145.255,138.0,17.0,0.0
130.233.145.151,,130.233.145.255,138.0,17.0,0.0
130.233.145.128,138.0,130.233.145.255,138.0,17.0,0.0
52.197.186.152,2048.0,130.233.145.193,11091.0,1.0,0.0
130.233.145.193,45520.0,130.233.226.86,10051.0,6.0,2735.0
130.233.145.193,44744.0,157.240.194.21,443.0,6.0,30025.0
130.233.145.193,53652.0,151.139.128.14,80.0,6.0,66164668.0
130.233.145.193,53167.0,130.233.224.60,123.0,17.0,802.0
130.233.145.193,40194.0,193.166.4.72,443.0,6.0,40026154.0
130.233.145.193,0.0,130.233.226.86,3891.0,1.0,0.0
130.233.145.167,,130.233.145.255,138.0,17.0,0.0
130.233.145.71,138.0,130.233.145.255,138.0,17.0,0.0
130.233.145.47,138.0,130.233.145.255,138.0,17.0,0.0
130.233.145.193,59164.0,130.233.226.86,10051.0,6.0,2810.0
130.233.145.99,137.0,130.233.145.255,137.0,17.0,1520560.0
130.233.145.193,52190.0,23.42.152.29,443.0,6.0,6014083.0
130.233.145.94,53497.0,,137.0,17.0,0.0
130.233.226.86,2048.0,130.233.145.193,4208.0,1.0,0.0
130.233.145.193,52496.0,93.184.220.29,80.0,6.0,223753688.0
130.233.145.97,138.0,130.233.145.255,138.0,17.0,0.0
130.233.145.193,44904.0,130.233.226.86,10051.0,6.0,2003.0
130.233.145.193,57444.0,130.233.227.12,111.0,6.0,11428.0
130.233.145.193,50702.0,151.101.85.140,443.0,6.0,33260.0
130.233.226.86,2048.0,130.233.145.193,42260.0,1.0,0.0
130.233.145.193,52570.0,93.184.220.29,80.0,6.0,115028141.0
130.233.145.53,138.0,130.233.145.255,138.0,17.0,0.0
130.233.145.79,138.0,130.233.145.255,138.0,17.0,0.0
130.233.145.193,56762.0,130.233.226.86,10051.0,6.0,1364.0
130.233.145.193,58560.0,151.101.86.2,443.0,6.0,587248828.0
130.233.145.193,0.0,130.233.226.86,63895.0,1.0,0.0
130.233.226.86,2048.0,130.233.145.193,64076.0,1.0,0.0
130.233.145.193,,130.233.227.12,111.0,6.0,
130.233.145.193,37700.0,93.184.220.113,443.0,6.0,60151524.0
130.233.226.86,2048.0,130.233.145.193,59406.0,1.0,0.0
130.233.145.193,0.0,13.234.221.187,64768.0,1.0,0.0
130.233.145.193,59084.0,3.248.146.79,443.0,6.0,60711793.0
130.233.145.193,38862.0,216.58.207.226,443.0,6.0,170361901.0
130.233.226.86,2048.0,130.233.145.193,23865.0,1.0,0.0
130.233.145.193,0.0,130.233.226.86,21876.0,1.0,0.0
130.233.145.193,32771.0,130.233.227.12,2049.0,6.0,1452.0
130.233.145.193,46674.0,208.123.73.73,443.0,6.0,71128507.0
130.233.145.193,40515.0,130.233.227.12,111.0,6.0,1026.0
130.233.145.193,771.0,130.233.251.5,36834.0,1.0,498563.0
130.233.145.193,40520.0,52.36.115.0,443.0,6.0,5883608.0
130.233.145.193,50828.0,151.101.128.217,443.0,6.0,120383827.0
130.233.145.193,52138.0,23.42.152.29,443.0,6.0,5536944.0
130.233.226.86,2048.0,130.233.145.193,60130.0,1.0,0.0
,41150.0,91.198.174.192,443.0,6.0,178000546.0
130.233.145.193,,52.85.241.96,443.0,6.0,977507.0
130.233.226.86,50432.0,130.233.145.193,10050.0,6.0,1399.0
130.233.145.118,138.0,130.233.145.255,138.0,17.0,0.0
130.233.145.193,56778.0,130.233.226.86,10051.0,6.0,13091.0
130.233.145.193,45066.0,104.102.51.133,443.0,6.0,9412158.0
130.233.226.86,2048.0,130.233.145.193,21498.0,1.0,0.0
130.233.145.193,57530.0,130.233.226.86,10051.0,6.0,1545.0
130.233.145.193,38738.0,130.233.227.12,111.0,17.0,640.0
130.233.145.193,44562.0,74.125.110.168,443.0,6.0,36963608.0
130.233.145.193,53244.0,216.58.211.142,443.0,6.0,170395612.0
130.233.145.193,46670.0,208.123.73.73,443.0,6.0,71804919.0
130.233.145.193,50596.0,23.42.152.238,443.0,6.0,115342879.0
,2048.0,130.233.145.193,23787.0,1.0,0.0
130.233.145.193,33509.0,130.233.227.16,2049.0,6.0,757.0
130.233.145.193,39158.0,52.85.241.129,443.0,6.0,298161.0
130.233.145.193,34618.0,185.33.223.215,443.0,6.0,5230866.0
130.233.145.82,138.0,130.233.145.255,138.0,17.0,0.0
130.233.226.86,2048.0,130.233.145.193,62129.0,1.0,0.0
130.233.226.86,2048.0,130.233.145.193,12745.0,1.0,0.0
130.233.145.193,50192.0,13.33.44.248,,6.0,116086860.0
130.233.145.193,50818.0,151.101.128.217,443.0,6.0,116357947.0
130.233.226.86,2048.0,130.233.145.193,7509.0,1.0,0.0
130.233.145.193,47168.0,130.233.227.12,111.0,17.0,608.0
130.233.145.193,0.0,,52495.0,1.0,0.0
,138.0,130.233.145.255,138.0,,0.0
130.233.145.193,51924.0,23.42.152.29,443.0,6.0,211817119.0
130.233.145.193,54646.0,52.85.241.19,443.0,6.0,170930658.0
130.233.145.193,50156.0,52.85.240.181,443.0,6.0,39978.0
130.233.145.193,,23.42.152.29,443.0,6.0,92734440.0
130.233.145.35,138.0,130.233.145.255,138.0,17.0,0.0
130.233.145.193,59108.0,130.233.226.86,10051.0,6.0,1649.0
130.233.145.193,48934.0,192.0.72.31,443.0,6.0,35748.0
130.233.145.193,44958.0,130.233.226.86,10051.0,6.0,14618.0
130.233.145.193,41636.0,130.233.227.12,,17.0,386.0
130.233.145.193,0.0,130.233.226.86,2439.0,1.0,0.0
130.233.145.193,33802.0,192.0.73.2,443.0,6.0,175830578.0
130.233.145.193,46715.0,130.233.227.12,2049.0,6.0,
130.233.145.193,40634.0,193.166.4.70,80.0,6.0,115740656.0
130.233.145.193,37536.0,93.184.220.113,443.0,6.0,59804634.0
130.233.145.193,0.0,130.233.226.86,10976.0,1.0,0.0
130.233.145.193,56640.0,,10051.0,,
130.233.145.193,50110.0,130.233.251.4,53.0,17.0,
130.233.226.86,2048.0,130.233.145.193,35118.0,1.0,0.0
130.233.145.193,0.0,130.233.226.86,48473.0,1.0,0.0
130.233.145.193,34417.0,130.233.227.12,635.0,17.0,3932.0
,2048.0,130.233.145.193,27909.0,1.0,0.0
130.233.145.193,59270.0,54.173.246.243,443.0,6.0,170805873.0
130.233.145.193,44790.0,195.8.215.224,443.0,,1275682.0
130.233.145.193,,130.233.226.86,10051.0,6.0,2352.0
130.233.145.98,138.0,130.233.145.255,138.0,17.0,0.0
130.233.145.193,57984.0,216.58.211.131,443.0,6.0,170216362.0
130.233.145.193,57540.0,130.233.226.86,10051.0,6.0,4432.0
130.233.145.193,59480.0,54.171.13.176,443.0,6.0,20281742.0
130.233.145.193,45564.0,172.217.21.162,443.0,6.0,170606803.0
130.233.145.193,45928.0,130.233.227.12,111.0,6.0,9381.0
130.233.226.86,2048.0,130.233.145.193,58458.0,1.0,0.0
,52950.0,140.109.20.229,80.0,6.0,744376.0
,42154.0,130.233.226.86,10051.0,6.0,1259.0
130.233.145.129,138.0,130.233.145.255,138.0,17.0,0.0
130.233.145.193,0.0,,24706.0,1.0,0.0
130.233.145.193,36941.0,130.233.227.12,111.0,6.0,1999.0
130.233.145.193,57268.0,130.233.227.12,111.0,6.0,1259.0
130.233.145.98,138.0,130.233.145.255,,17.0,
130.233.145.193,0.0,130.233.226.86,37166.0,1.0,0.0
130.233.145.193,59260.0,54.171.13.176,443.0,,119591982.0
130.233.145.193,59448.0,54.171.13.176,443.0,,1635764.0
130.233.145.193,,130.233.226.86,10051.0,6.0,
130.233.145.193,60436.0,130.233.227.12,111.0,6.0,897.0
130.233.145.193,40038.0,46.137.117.17,443.0,,238347086.0
130.233.226.86,33692.0,130.233.145.193,,6.0,2711.0
130.233.145.193,60548.0,130.233.227.12,111.0,6.0,1323.0
130.233.145.193,50600.0,23.42.152.238,443.0,6.0,115346307.0
130.233.145.193,35668.0,192.139.46.66,443.0,6.0,5353910.0
130.233.226.86,40472.0,130.233.145.193,,,3613.0
130.233.145.193,45906.0,130.233.227.12,111.0,6.0,1161.0
130.233.145.193,52642.0,52.114.6.46,443.0,6.0,7836348.0
130.233.145.66,138.0,130.233.145.255,138.0,17.0,0.0
130.233.145.193,33238.0,23.42.152.136,443.0,6.0,40039841.0
130.233.145.193,,130.233.226.86,13475.0,1.0,0.0
130.233.145.193,50110.0,130.233.251.6,53.0,17.0,353259895.0
130.233.145.193,43316.0,109.105.109.204,443.0,6.0,5029397.0
130.233.145.193,43370.0,130.233.227.12,111.0,6.0,1179.0
130.233.145.193,0.0,130.233.226.86,40814.0,1.0,0.0
130.233.145.193,33262.0,216.58.211.3,80.0,6.0,115150680.0
130.233.145.193,58940.0,140.109.20.229,443.0,6.0,7380445.0
130.233.226.86,43758.0,130.233.145.193,10050.0,6.0,2510.0
130.233.145.193,56670.0,130.233.226.86,10051.0,6.0,1706.0
130.233.145.193,53672.0,151.139.128.14,80.0,6.0,65036518.0
130.233.145.162,138.0,130.233.145.255,138.0,17.0,0.0
3.112.210.255,2048.0,130.233.145.193,2436.0,1.0,0.0
130.233.145.193,38542.0,52.85.241.28,443.0,6.0,20317862.0
130.233.226.86,2048.0,,,1.0,0.0
130.233.145.193,57152.0,130.233.227.12,111.0,6.0,1405.0
130.233.145.193,46596.0,151.101.84.175,443.0,6.0,5489598.0
130.233.145.193,57688.0,193.166.4.71,80.0,6.0,115676206.0
130.233.145.193,48932.0,192.0.72.31,443.0,6.0,36845.0
130.233.145.193,39574.0,216.58.207.195,443.0,,170497303.0
130.233.145.193,35111.0,130.233.227.12,111.0,,
130.233.145.193,54365.0,130.233.227.12,111.0,17.0,781.0
130.233.226.86,58300.0,130.233.145.193,10050.0,6.0,964.0
130.233.145.193,50110.0,130.233.251.4,53.0,17.0,599146006.0
130.233.145.193,53860.0,151.139.128.14,80.0,,20401814.0
,52804.0,130.233.251.5,88.0,6.0,1592.0
130.233.145.193,59094.0,130.233.226.86,10051.0,6.0,2973.0
130.233.226.86,43508.0,130.233.145.193,,,994.0
130.233.145.193,50110.0,130.233.251.7,53.0,17.0,345615171.0
130.233.145.99,138.0,130.233.145.255,138.0,17.0,0.0
130.233.226.86,2048.0,130.233.145.193,27424.0,1.0,0.0
130.233.226.86,,130.233.145.193,10050.0,6.0,
130.233.145.193,0.0,130.233.226.86,23812.0,1.0,0.0
130.233.145.193,47804.0,85.114.159.118,443.0,6.0,
130.233.145.193,34650.0,185.33.223.215,443.0,6.0,5101037.0
130.233.145.193,50458.0,91.198.174.208,443.0,6.0,88115.0
130.233.226.86,2048.0,130.233.145.193,15112.0,1.0,0.0
130.233.145.193,0.0,130.233.226.86,2208.0,1.0,0.0
130.233.145.193,59256.0,31.13.72.36,,6.0,30113.0
130.233.145.193,34732.0,185.33.223.215,443.0,6.0,5077439.0
130.233.145.193,53193.0,130.233.227.12,635.0,17.0,396.0
130.233.145.193,34322.0,216.58.207.202,443.0,6.0,14933221.0
130.233.145.71,137.0,130.233.145.255,,17.0,1503853.0
,42470.0,130.233.226.86,10051.0,6.0,1747.0
130.233.145.193,42578.0,172.217.20.35,80.0,6.0,115126751.0
130.233.226.86,2048.0,130.233.145.193,13891.0,1.0,0.0
130.233.145.193,56875.0,130.233.227.16,635.0,17.0,436.0
130.233.145.99,137.0,130.233.145.255,137.0,17.0,308626392.0
130.233.145.193,42354.0,13.33.44.15,443.0,,115943073.0
130.233.226.86,33654.0,130.233.145.193,10050.0,6.0,1772.0
130.233.226.86,2048.0,130.233.145.193,41742.0,1.0,0.0
130.233.226.86,2048.0,130.233.145.193,32672.0,1.0,0.0
130.233.145.90,138.0,130.233.145.255,138.0,17.0,0.0
130.233.145.193,60847.0,130.233.227.12,2049.0,17.0,2307.0
130.233.226.86,2048.0,130.233.145.193,17038.0,1.0,0.0
130.233.145.167,137.0,130.233.145.255,137.0,17.0,77634400.0
130.233.145.193,50706.0,151.101.85.140,443.0,6.0,27938.0
130.233.145.193,58423.0,130.233.227.12,111.0,6.0,1392.0
130.233.226.86,2048.0,130.233.145.193,63536.0,1.0,0.0
130.233.226.86,52000.0,130.233.145.193,10050.0,6.0,
130.233.145.193,56758.0,130.233.226.86,10051.0,6.0,3044.0
130.233.226.86,36310.0,130.233.145.193,10050.0,6.0,1036.0
130.233.145.143,138.0,130.233.145.255,,17.0,0.0
54.95.25.133,2048.0,130.233.145.193,58996.0,1.0,0.0
130.233.145.193,0.0,13.114.205.137,,1.0,0.0
130.233.226.86,2048.0,130.233.145.193,3408.0,1.0,0.0
130.233.145.193,55388.0,172.217.22.162,443.0,6.0,171026134.0
130.233.145.193,0.0,130.233.226.86,44984.0,1.0,0.0
130.233.145.193,59494.0,172.217.21.130,443.0,6.0,25079.0
130.233.145.193,42396.0,130.233.226.86,10051.0,6.0,2839.0
130.233.145.193,57586.0,130.233.227.12,111.0,6.0,1167.0
130.233.145.193,45590.0,217.20.113.38,443.0,6.0,
130.233.226.86,59758.0,130.233.145.193,10050.0,,6743.0
130.233.145.193,51882.0,23.42.152.29,443.0,6.0,115993262.0
130.233.145.193,60904.0,104.16.90.50,443.0,6.0,20336351.0
130.233.145.193,40354.0,216.58.211.1,443.0,6.0,42433.0
130.233.145.193,0.0,,30307.0,1.0,0.0
130.233.145.193,35134.0,13.33.76.87,443.0,6.0,5026373.0
130.233.145.193,45688.0,130.233.226.86,10051.0,,15832.0
130.233.145.118,138.0,130.233.145.255,138.0,17.0,0.0
130.233.226.86,2048.0,130.233.145.193,28506.0,1.0,0.0
130.233.145.193,45886.0,130.233.227.12,111.0,,1138.0
130.233.145.193,47936.0,54.194.74.162,443.0,6.0,595393871.0
130.233.145.185,137.0,130.233.145.255,137.0,17.0,43871073.0
130.233.145.71,138.0,130.233.145.255,138.0,17.0,
130.233.145.193,0.0,130.233.226.86,528.0,1.0,0.0
130.233.145.193,44412.0,195.8.215.136,443.0,6.0,286248.0
,40612.0,185.33.223.203,443.0,,5909417.0
130.233.226.86,2048.0,130.233.145.193,23152.0,1.0,0.0
130.233.145.22,138.0,130.233.145.255,138.0,17.0,0.0
130.233.145.193,59116.0,130.233.226.86,10051.0,6.0,3322.0
130.233.145.193,41672.0,130.233.226.86,10051.0,6.0,1584.0
130.233.145.193,920.0,130.233.227.12,,17.0,851.0
130.233.145.193,59274.0,54.171.13.176,,6.0,120603256.0
130.233.145.193,42306.0,70.42.32.31,443.0,6.0,596965.0
130.233.145.193,57528.0,130.233.226.86,10051.0,,1426.0
130.233.145.193,42464.0,130.233.226.86,10051.0,6.0,1884.0
130.233.145.193,,52.85.243.198,443.0,6.0,818156.0
130.233.145.193,0.0,3.112.60.141,,1.0,0.0
130.233.145.70,138.0,130.233.145.255,138.0,17.0,0.0
130.233.145.193,51922.0,23.42.152.29,443.0,6.0,115802802.0
130.233.145.193,35662.0,23.42.152.237,443.0,6.0,40042846.0
130.233.226.86,2048.0,130.233.145.193,43216.0,1.0,0.0
130.233.145.193,48734.0,130.233.227.12,2049.0,17.0,450.0
130.233.145.193,56782.0,130.233.226.86,10051.0,6.0,10456.0
130.233.145.193,59478.0,54.171.13.176,443.0,6.0,1664546.0
130.233.145.193,52612.0,52.114.6.46,443.0,6.0,30317680.0
130.233.145.193,0.0,130.233.226.86,27942.0,1.0,0.0
130.233.145.193,35833.0,130.233.251.5,88.0,17.0,779.0
130.233.226.86,45316.0,130.233.145.193,10050.0,6.0,1338.0
130.233.145.193,44382.0,195.8.215.136,443.0,6.0,11061786.0
130.233.145.193,34357.0,130.233.227.12,111.0,17.0,763.0
130.233.226.86,2048.0,130.233.145.193,44261.0,,0.0
130.233.145.193,0.0,130.233.226.86,31609.0,1.0,0.0
130.233.145.193,58942.0,140.109.20.229,443.0,6.0,9234650.0
130.233.145.193,,130.233.226.86,37492.0,1.0,0.0
130.233.145.47,137.0,130.233.145.255,137.0,17.0,1500428.0
130.233.145.193,59922.0,130.233.227.12,111.0,6.0,1140.0
130.233.145.193,45500.0,130.233.226.86,10051.0,6.0,1601.0
130.233.145.22,138.0,130.233.145.255,138.0,17.0,0.0
130.233.226.86,2048.0,130.233.145.193,4986.0,1.0,0.0
130.233.145.193,0.0,130.233.226.86,28758.0,1.0,0.0
,,130.233.145.255,138.0,17.0,0.0
130.233.145.193,,130.233.226.86,60621.0,1.0,0.0
130.233.145.63,138.0,130.233.145.255,138.0,17.0,0.0
130.233.145.193,38696.0,104.16.89.50,443.0,6.0,74178.0
130.233.145.18,138.0,130.233.145.255,138.0,17.0,0.0
130.233.145.193,51550.0,130.233.227.12,2049.0,17.0,
130.233.145.66,137.0,130.233.145.255,137.0,17.0,1506130.0
130.233.145.193,0.0,130.233.226.86,49933.0,1.0,0.0
130.233.145.193,37660.0,93.184.220.113,443.0,6.0,59598203.0
130.233.145.193,59000.0,54.171.13.176,443.0,6.0,52416470.0
130.233.145.98,138.0,130.233.145.255,138.0,17.0,0.0
130.233.145.101,138.0,130.233.145.255,138.0,17.0,0.0
130.233.226.86,2048.0,130.233.145.193,58573.0,1.0,0.0
130.233.145.193,,54.192.98.201,443.0,6.0,115937264.0
130.233.145.193,58822.0,3.120.224.89,443.0,6.0,11268088.0
130.233.226.86,49586.0,130.233.145.193,10050.0,6.0,6998.0
130.233.145.193,34027.0,130.233.251.5,88.0,17.0,1118.0
130.233.145.193,50527.0,130.233.227.16,111.0,6.0,1044.0
130.233.145.193,56768.0,130.233.226.86,10051.0,6.0,1059.0
130.233.145.9,138.0,130.233.145.255,138.0,17.0,0.0
130.233.145.193,34598.0,54.76.84.205,443.0,6.0,231225443.0
130.233.226.86,48590.0,130.233.145.193,10050.0,6.0,1163.0
130.233.145.193,0.0,130.233.226.86,52023.0,1.0,0.0
130.233.226.86,2048.0,130.233.145.193,6953.0,,0.0
130.233.251.5,54044.0,130.233.145.193,137.0,,506942.0
130.233.145.193,55630.0,104.27.143.249,443.0,6.0,74910.0
130.233.145.167,138.0,130.233.145.255,138.0,17.0,0.0
130.233.145.193,0.0,130.233.226.86,54457.0,1.0,0.0
130.233.145.193,59200.0,13.33.44.179,443.0,6.0,116087677.0
130.233.145.193,52570.0,,443.0,,234267656.0
130.233.145.79,138.0,130.233.145.255,138.0,17.0,0.0
130.233.145.193,0.0,130.233.226.86,53772.0,1.0,0.0
130.233.145.193,41646.0,130.233.226.86,10051.0,6.0,2154.0
130.233.145.193,58952.0,216.58.211.3,443.0,6.0,35369.0
130.233.145.193,44752.0,195.8.215.224,443.0,6.0,1193958.0
130.233.145.193,0.0,130.233.226.86,28534.0,1.0,
130.233.145.193,59484.0,54.171.13.176,443.0,6.0,11059428.0
130.233.226.86,46392.0,130.233.145.193,10050.0,6.0,3968.0
130.233.145.167,137.0,130.233.145.255,137.0,17.0,1529404.0
130.233.145.193,0.0,130.233.226.86,50096.0,1.0,0.0
130.233.226.86,35632.0,130.233.145.193,10050.0,,1060.0
130.233.145.193,0.0,130.233.226.86,34720.0,1.0,0.0
130.233.145.193,,13.33.44.15,443.0,6.0,115549629.0
130.233.145.193,41168.0,91.198.174.192,443.0,6.0,101352.0
130.233.145.193,59158.0,54.171.13.176,443.0,6.0,31410232.0
130.233.145.193,47188.0,130.233.227.12,111.0,17.0,563.0
130.233.145.193,44948.0,130.233.226.86,10051.0,6.0,2607.0
130.233.145.162,138.0,130.233.145.255,138.0,17.0,0.0
130.233.145.193,0.0,130.233.226.86,37945.0,1.0,
130.233.145.193,59678.0,151.101.85.111,443.0,6.0,23503.0
130.233.145.193,57128.0,130.233.227.12,111.0,6.0,1116.0
130.233.145.193,59580.0,151.101.85.111,443.0,6.0,24701.0
130.233.145.157,138.0,130.233.145.255,138.0,17.0,0.0
130.233.145.193,52358.0,151.101.85.194,443.0,6.0,5026672.0
130.233.145.193,55142.0,192.0.76.3,443.0,6.0,
130.233.145.193,60310.0,95.140.228.46,443.0,,
130.233.226.86,34854.0,130.233.145.193,10050.0,6.0,938.0
130.233.145.193,0.0,130.233.226.86,47141.0,1.0,0.0
130.233.145.193,39202.0,52.85.241.129,443.0,6.0,20399696.0
130.233.145.193,46645.0,130.233.227.12,2049.0,6.0,851.0
130.233.145.193,41674.0,130.233.226.86,10051.0,6.0,3524.0
130.233.145.193,54740.0,192.229.233.50,443.0,6.0,10040.0
130.233.145.193,39774.0,93.184.220.66,443.0,6.0,115950481.0
130.233.145.193,60494.0,130.233.227.12,111.0,6.0,1046.0
130.233.226.86,2048.0,130.233.145.193,12282.0,1.0,0.0
130.233.145.193,53911.0,130.233.227.16,2049.0,17.0,274.0
130.233.145.193,60312.0,,443.0,6.0,
130.233.145.12,138.0,130.233.145.255,138.0,17.0,0.0
130.233.145.193,36140.0,130.233.224.60,123.0,17.0,
130.233.145.193,56770.0,130.233.226.86,10051.0,6.0,2667.0
130.233.226.86,2048.0,130.233.145.193,14335.0,1.0,0.0
130.233.145.193,46668.0,208.123.73.73,443.0,6.0,71269562.0
130.233.145.157,138.0,130.233.145.255,138.0,17.0,0.0
,33980.0,130.233.145.193,10050.0,6.0,954.0
130.233.145.22,138.0,130.233.145.255,138.0,17.0,0.0
130.233.145.193,42774.0,23.32.99.162,443.0,6.0,122975380.0
130.233.145.193,44304.0,31.13.72.37,443.0,6.0,252694581.0
130.233.145.94,137.0,130.233.145.255,137.0,17.0,7322413.0
130.233.145.193,45587.0,130.233.227.12,111.0,17.0,480.0
130.233.145.193,42162.0,216.58.207.206,443.0,6.0,33055.0
130.233.145.101,138.0,,138.0,17.0,0.0
130.233.145.193,43304.0,109.105.109.204,443.0,6.0,41844635.0
130.233.145.90,138.0,130.233.145.255,138.0,17.0,0.0
130.233.145.94,58758.0,130.233.145.255,137.0,17.0,0.0
130.233.145.193,52008.0,23.42.154.185,443.0,6.0,5363872.0
130.233.145.94,59602.0,130.233.145.255,137.0,17.0,0.0
130.233.226.86,36592.0,130.233.145.193,10050.0,6.0,7646.0
130.233.145.193,0.0,130.233.226.86,48094.0,1.0,0.0
,137.0,130.233.145.255,137.0,17.0,255497618.0
130.233.226.86,2048.0,130.233.145.193,61888.0,1.0,0.0
130.233.145.193,42400.0,130.233.226.86,10051.0,6.0,2250.0
130.233.145.193,59254.0,31.13.72.36,443.0,6.0,295349748.0
130.233.145.193,55744.0,104.18.21.226,80.0,6.0,115349444.0
130.233.145.193,0.0,130.233.226.86,5398.0,1.0,0.0
130.233.145.193,37545.0,130.233.227.12,111.0,6.0,1385.0
130.233.145.9,138.0,130.233.145.255,138.0,17.0,0.0
130.233.145.193,48292.0,151.101.84.133,443.0,6.0,71610711.0
130.233.145.193,60708.0,130.233.227.12,111.0,6.0,11195.0
130.233.145.193,49446.0,93.184.220.29,80.0,6.0,
130.233.145.193,52606.0,52.114.6.46,443.0,6.0,32709391.0
130.233.145.193,0.0,130.233.226.86,23546.0,1.0,0.0
130.233.226.86,2048.0,130.233.145.193,22197.0,1.0,0.0
130.233.145.193,45676.0,130.233.226.86,10051.0,6.0,1759.0
130.233.145.193,47054.0,50.63.243.230,80.0,6.0,393826.0
130.233.226.86,2048.0,130.233.145.193,17086.0,1.0,0.0
130.233.145.193,59736.0,31.13.72.12,443.0,6.0,595468051.0
,34838.0,130.233.227.12,111.0,17.0,6150.0
130.233.145.63,138.0,130.233.145.255,138.0,17.0,0.0
130.233.145.193,0.0,130.233.226.86,16230.0,1.0,0.0
130.233.145.193,44226.0,195.8.215.136,443.0,6.0,12016952.0
130.233.226.86,2048.0,130.233.145.193,54513.0,1.0,0.0
130.233.145.71,138.0,130.233.145.255,138.0,17.0,0.0
130.233.145.193,0.0,130.233.226.86,8556.0,1.0,0.0
130.233.145.193,47095.0,130.233.227.12,2049.0,6.0,870.0
130.233.145.193,44636.0,195.8.215.224,443.0,6.0,1198064.0
130.233.145.193,0.0,130.233.226.86,63107.0,1.0,0.0
130.233.145.193,49652.0,130.233.251.5,88.0,17.0,742.0
130.233.226.86,2048.0,130.233.145.193,8928.0,1.0,0.0
130.233.145.124,17500.0,130.233.145.255,17500.0,17.0,573558160.0
130.233.145.47,138.0,130.233.145.255,138.0,17.0,0.0
130.233.145.193,59906.0,130.233.227.12,111.0,6.0,1087.0
130.233.226.86,2048.0,130.233.145.193,,1.0,0.0
130.233.145.193,42580.0,172.217.20.35,80.0,6.0,115125984.0
3.112.14.218,2048.0,130.233.145.193,59185.0,1.0,0.0
130.233.145.193,50110.0,130.233.251.4,53.0,17.0,348434915.0
130.233.145.157,138.0,130.233.145.255,138.0,17.0,0.0
130.233.145.83,8612.0,130.233.145.255,8612.0,17.0,248581124.0
130.233.145.193,41632.0,130.233.226.86,10051.0,6.0,1650.0
130.233.226.86,2048.0,130.233.145.193,37536.0,,0.0
130.233.226.86,2048.0,130.233.145.193,9020.0,1.0,0.0
130.233.145.193,48760.0,64.202.112.63,443.0,6.0,471945.0
130.233.145.193,51562.0,54.215.99.83,443.0,6.0,722788.0
130.233.145.193,46552.0,151.101.84.175,443.0,6.0,5516893.0
130.233.226.86,2048.0,130.233.145.193,61307.0,1.0,0.0
130.233.145.157,,,57621.0,17.0,570140367.0
130.233.145.138,137.0,130.233.145.255,137.0,17.0,
130.233.145.193,47796.0,13.33.90.86,443.0,6.0,115639983.0
130.233.145.193,46131.0,130.233.227.12,111.0,,1040.0
130.233.145.193,0.0,130.233.226.86,44913.0,1.0,0.0
130.233.145.193,50110.0,130.233.251.4,53.0,17.0,424833885.0
130.233.145.193,39778.0,209.197.3.15,443.0,6.0,170081177.0
130.233.145.193,41280.0,91.198.174.192,443.0,6.0,171016033.0
130.233.145.193,53296.0,104.200.21.240,80.0,6.0,985989.0
130.233.145.157,57621.0,130.233.145.255,57621.0,17.0,570166885.0
130.233.145.193,43462.0,104.17.142.36,443.0,6.0,43716.0
130.233.226.86,,130.233.145.193,46491.0,1.0,0.0
130.233.226.86,2048.0,130.233.145.193,,1.0,0.0
130.233.226.86,2048.0,130.233.145.193,43544.0,1.0,
130.233.226.86,39272.0,130.233.145.193,10050.0,6.0,1150.0
130.233.145.193,44190.0,50.16.196.14,443.0,6.0,68208729.0
130.233.226.86,44790.0,130.233.145.193,10050.0,6.0,2196.0
130.233.145.193,42414.0,70.42.32.31,443.0,6.0,575619.0
130.233.145.193,48532.0,46.137.90.99,443.0,6.0,73857544.0
130.233.145.193,34116.0,66.117.25.58,443.0,6.0,6491467.0
130.233.145.193,37666.0,130.233.227.12,635.0,17.0,445.0
130.233.226.86,2048.0,130.233.145.193,3076.0,1.0,0.0
,138.0,130.233.145.255,138.0,17.0,0.0
130.233.145.193,56788.0,130.233.226.86,10051.0,6.0,2014.0
130.233.226.86,2048.0,,31941.0,,0.0
,35156.0,52.85.241.86,443.0,6.0,20442314.0
130.233.145.193,0.0,54.65.70.208,50663.0,1.0,
130.233.145.193,42999.0,130.233.227.16,2049.0,6.0,626.0
130.233.145.193,48445.0,130.233.227.12,2049.0,17.0,377.0
130.233.145.193,41580.0,130.233.226.86,10051.0,6.0,3544.0
130.233.145.193,,,443.0,6.0,
130.233.145.193,56600.0,130.233.227.12,111.0,6.0,1279.0
130.233.145.193,50600.0,130.233.253.39,8140.0,6.0,8882062.0
130.233.145.193,41644.0,130.233.226.86,10051.0,,
130.233.145.193,0.0,130.233.226.86,60492.0,1.0,0.0
130.233.145.193,0.0,130.233.226.86,36998.0,1.0,0.0
130.233.226.86,2048.0,130.233.145.193,15954.0,,0.0
130.233.145.193,0.0,13.234.221.163,49530.0,1.0,0.0
130.233.226.86,2048.0,130.233.145.193,160.0,1.0,0.0
130.233.145.151,138.0,130.233.145.255,138.0,17.0,0.0
130.233.145.193,,95.140.228.46,443.0,6.0,477409.0
130.233.145.193,46634.0,52.213.182.186,443.0,6.0,6025590.0
130.233.145.193,59204.0,,443.0,6.0,102729330.0
130.233.145.193,34062.0,104.25.219.21,443.0,6.0,257051130.0
130.233.145.193,41650.0,130.233.226.86,10051.0,6.0,1643.0
130.233.145.193,40162.0,,443.0,6.0,115665491.0
130.233.145.193,42480.0,70.42.32.31,,6.0,569188.0
130.233.226.86,2048.0,130.233.145.193,42799.0,1.0,0.0
130.233.145.193,46272.0,151.101.84.175,443.0,6.0,594860824.0
130.233.226.86,2048.0,130.233.145.193,29561.0,1.0,0.0
52.69.153.168,2048.0,130.233.145.193,64927.0,1.0,0.0
130.233.145.35,138.0,130.233.145.255,138.0,,
130.233.145.15,138.0,,138.0,17.0,0.0
130.233.226.86,2048.0,130.233.145.193,26445.0,1.0,0.0
130.233.145.193,0.0,35.156.241.107,6263.0,1.0,0.0
130.233.145.193,49218.0,130.233.251.5,389.0,6.0,364012571.0
130.233.145.138,138.0,130.233.145.255,138.0,17.0,0.0
130.233.145.53,138.0,,138.0,17.0,0.0
130.233.145.193,0.0,130.233.226.86,61454.0,1.0,0.0
130.233.145.193,38708.0,216.58.207.234,80.0,6.0,115313920.0
130.233.145.193,48606.0,,80.0,6.0,59816605.0
130.233.145.193,0.0,130.233.226.86,4303.0,1.0,0.0
130.233.145.98,138.0,130.233.145.255,,17.0,0.0
130.233.145.193,56642.0,151.139.128.14,80.0,6.0,72007663.0
130.233.145.193,45644.0,130.233.226.86,10051.0,6.0,12429.0
130.233.145.193,42162.0,130.233.226.86,10051.0,6.0,1779.0
130.233.145.193,44940.0,130.233.226.86,10051.0,6.0,1483.0
130.233.145.193,59142.0,130.233.226.86,10051.0,6.0,1603.0
130.233.226.86,2048.0,130.233.145.193,53107.0,1.0,0.0
,60214.0,104.102.6.114,443.0,6.0,116057697.0
130.233.145.193,0.0,130.233.226.86,16514.0,1.0,0.0
130.233.145.193,52398.0,216.58.211.10,443.0,6.0,170095174.0
130.233.145.193,43125.0,130.233.227.12,2049.0,17.0,329.0
130.233.145.193,57552.0,130.233.226.86,10051.0,6.0,13080.0
130.233.226.86,2048.0,130.233.145.193,45767.0,1.0,0.0
130.233.145.71,137.0,130.233.145.255,137.0,17.0,1500325.0
130.233.145.193,48936.0,192.0.72.31,443.0,6.0,35239.0
130.233.145.193,0.0,130.233.226.86,29834.0,1.0,0.0
130.233.145.162,138.0,130.233.145.255,138.0,17.0,0.0
130.233.145.35,138.0,130.233.145.255,138.0,17.0,0.0
,43420.0,130.233.227.12,111.0,6.0,862.0
130.233.145.193,0.0,130.233.226.86,23523.0,1.0,0.0
130.233.145.193,40160.0,18.204.96.124,443.0,6.0,115670418.0
130.233.145.193,822.0,130.233.227.12,635.0,17.0,398.0
130.233.145.193,42394.0,130.233.226.86,10051.0,6.0,2604.0
130.233.145.193,52876.0,104.18.21.226,80.0,6.0,10106938.0
130.233.145.193,52636.0,,,6.0,7403362.0
130.233.145.193,0.0,130.233.226.86,63541.0,1.0,0.0
130.233.145.193,44280.0,130.233.227.12,,17.0,365.0
130.233.145.193,56720.0,151.139.128.14,80.0,6.0,65026994.0
130.233.145.193,0.0,130.233.226.86,15660.0,1.0,0.0
130.233.226.86,2048.0,130.233.145.193,17595.0,1.0,
130.233.145.193,42434.0,130.233.226.86,10051.0,6.0,1790.0
130.233.145.193,41598.0,130.233.226.86,10051.0,6.0,1608.0
130.233.226.86,59978.0,130.233.145.193,10050.0,6.0,1583.0
130.233.145.70,138.0,130.233.145.255,138.0,17.0,0.0
130.233.226.86,2048.0,130.233.145.193,40893.0,1.0,0.0
130.233.145.193,55972.0,172.217.21.168,443.0,6.0,3181156.0
130.233.145.193,41225.0,130.233.227.12,635.0,17.0,
169.254.26.70,137.0,169.254.255.255,137.0,17.0,2264058.0
130.233.145.193,52136.0,23.42.152.29,443.0,6.0,115721694.0
130.233.226.86,2048.0,130.233.145.193,37088.0,1.0,
130.233.226.86,2048.0,130.233.145.193,9355.0,1.0,0.0
130.233.145.193,0.0,130.233.226.86,46648.0,1.0,0.0
130.233.145.193,35789.0,130.233.227.12,111.0,17.0,371.0
130.233.145.193,59796.0,31.13.72.12,443.0,6.0,443454152.0
130.233.145.193,44082.0,193.166.4.71,80.0,6.0,115661034.0
130.233.226.86,2048.0,130.233.145.193,23942.0,1.0,0.0
130.233.145.193,50110.0,130.233.251.6,53.0,17.0,442705586.0
130.233.145.124,17500.0,130.233.145.255,17500.0,17.0,452810796.0
130.233.145.156,138.0,130.233.145.255,138.0,17.0,0.0
130.233.145.193,45842.0,130.233.227.12,111.0,6.0,1090.0
130.233.145.193,,130.233.226.86,10051.0,6.0,1695.0
130.233.226.86,2048.0,130.233.145.193,14182.0,1.0,0.0
130.233.145.193,54971.0,130.233.227.12,2049.0,6.0,1114.0
130.233.145.193,40676.0,185.33.223.203,,6.0,6045536.0
,,130.233.227.16,635.0,17.0,369.0
130.233.145.115,138.0,130.233.145.255,138.0,17.0,0.0
130.233.145.138,138.0,130.233.145.255,138.0,17.0,0.0
130.233.145.193,0.0,130.233.226.86,19086.0,1.0,0.0
130.233.145.193,0.0,130.233.226.86,25200.0,1.0,
130.233.145.193,44184.0,50.16.196.14,443.0,6.0,68244305.0
130.233.145.193,47118.0,50.63.243.230,80.0,6.0,389684.0
130.233.226.86,2048.0,130.233.145.193,56150.0,1.0,0.0
130.233.145.193,46168.0,172.217.21.170,443.0,6.0,315546832.0
130.233.145.193,59088.0,178.162.133.149,443.0,6.0,5906715.0
130.233.145.25,138.0,130.233.145.255,138.0,17.0,0.0
130.233.145.133,138.0,130.233.145.255,138.0,17.0,0.0
130.233.145.193,50110.0,130.233.251.5,53.0,17.0,577499211.0
,2048.0,,,1.0,0.0
130.233.145.193,50826.0,151.101.128.217,443.0,6.0,120384500.0
130.233.145.53,138.0,130.233.145.255,138.0,17.0,0.0
130.233.145.193,46274.0,151.101.84.175,443.0,6.0,116074540.0
130.233.145.193,42344.0,172.217.20.54,80.0,6.0,940348.0
130.233.145.193,50110.0,130.233.251.6,53.0,17.0,572547708.0
130.233.145.193,44260.0,130.233.227.12,111.0,6.0,1225.0
130.233.145.193,40126.0,93.184.220.66,443.0,6.0,11104743.0
130.233.145.193,44232.0,195.8.215.136,443.0,6.0,11432907.0
130.233.145.193,60056.0,151.101.85.111,443.0,6.0,26047.0
130.233.145.47,138.0,130.233.145.255,138.0,17.0,0.0
130.233.145.193,41634.0,130.233.226.86,10051.0,6.0,2095.0
130.233.145.193,52842.0,52.85.241.96,443.0,6.0,
130.233.145.193,42402.0,130.233.226.86,10051.0,6.0,1724.0
130.233.145.193,56390.0,216.58.211.142,443.0,6.0,577410447.0
130.233.145.193,42180.0,130.233.226.86,10051.0,6.0,2739.0
54.168.37.128,2048.0,130.233.145.193,23444.0,1.0,0.0
130.233.145.193,45624.0,130.233.226.86,10051.0,6.0,13602.0
130.233.145.193,,91.228.74.156,443.0,6.0,22768972.0
130.233.145.193,46652.0,172.217.20.42,443.0,6.0,539126949.0
130.233.145.193,51242.0,130.233.227.12,,17.0,298.0
130.233.145.43,,130.233.145.255,138.0,17.0,0.0
130.233.145.193,0.0,130.233.226.86,46604.0,1.0,0.0
130.233.145.180,137.0,130.233.145.255,137.0,17.0,24852824.0
130.233.145.79,138.0,130.233.145.255,138.0,17.0,0.0
130.233.145.138,138.0,130.233.145.255,138.0,17.0,
130.233.145.167,138.0,130.233.145.255,138.0,17.0,0.0
130.233.145.193,0.0,130.233.226.86,35725.0,1.0,0.0
130.233.145.97,138.0,130.233.145.255,138.0,17.0,0.0
130.233.145.193,50454.0,91.198.174.208,443.0,6.0,80458.0
130.233.145.193,50830.0,151.101.128.217,443.0,6.0,115383420.0
130.233.145.193,41608.0,130.233.226.86,10051.0,6.0,1602.0
130.233.145.193,45434.0,104.17.32.105,443.0,6.0,1465249.0
130.233.145.157,138.0,130.233.145.255,138.0,17.0,0.0
130.233.145.193,41604.0,130.233.226.86,10051.0,6.0,4060.0
130.233.145.193,37760.0,192.0.77.32,443.0,6.0,37197.0
130.233.145.193,49974.0,157.240.194.27,443.0,6.0,28907.0
130.233.145.193,52650.0,52.114.6.46,443.0,6.0,10392205.0
130.233.145.193,49568.0,93.184.220.29,80.0,6.0,116799605.0
130.233.145.193,53294.0,104.200.21.240,80.0,6.0,2398186.0
130.233.145.193,0.0,130.233.226.86,18002.0,1.0,0.0
130.233.145.157,138.0,130.233.145.255,138.0,,0.0
130.233.145.193,48088.0,104.27.151.163,443.0,6.0,241544231.0
130.233.145.193,41576.0,219.87.64.165,80.0,6.0,6395339.0
130.233.145.193,,130.233.227.12,635.0,17.0,1060.0
130.233.226.86,2048.0,130.233.145.193,9250.0,1.0,0.0
130.233.145.193,47832.0,35.176.232.241,443.0,6.0,171032066.0
130.233.145.193,43460.0,,443.0,6.0,44615.0
130.233.145.193,0.0,130.233.226.86,11118.0,,0.0
130.233.145.193,50110.0,130.233.251.7,53.0,17.0,587483612.0
130.233.145.180,137.0,130.233.145.255,137.0,17.0,20089686.0
130.233.145.193,52610.0,52.114.6.46,443.0,6.0,
130.233.145.193,45666.0,130.233.226.86,10051.0,6.0,3457.0
130.233.145.193,,54.65.70.208,26699.0,1.0,0.0
130.233.145.193,49750.0,93.184.220.29,80.0,6.0,20360353.0
130.233.145.193,59584.0,151.101.85.111,443.0,6.0,25841.0
130.233.145.154,138.0,130.233.145.255,138.0,17.0,0.0
130.233.226.86,2048.0,130.233.145.193,20953.0,1.0,0.0
130.233.145.193,40112.0,46.137.117.17,443.0,6.0,5473446.0
130.233.145.193,55552.0,176.34.120.238,443.0,6.0,
130.233.145.193,59440.0,172.217.21.130,443.0,6.0,
130.233.145.193,44692.0,216.58.211.3,443.0,6.0,72346.0
130.233.145.193,43290.0,130.233.227.12,635.0,17.0,478.0
130.233.145.193,37344.0,93.184.220.113,443.0,6.0,170241008.0
130.233.145.193,42835.0,130.233.227.12,111.0,6.0,1712.0
130.233.145.193,34914.0,172.217.21.170,443.0,6.0,170614758.0
130.233.145.193,59446.0,172.217.21.130,443.0,6.0,170572622.0
130.233.226.86,2048.0,130.233.145.193,45093.0,1.0,0.0
130.233.226.86,2048.0,,43364.0,1.0,0.0
130.233.226.86,2048.0,130.233.145.193,59456.0,1.0,0.0
,56764.0,130.233.226.86,10051.0,6.0,2717.0
130.233.226.86,2048.0,130.233.145.193,45653.0,1.0,0.0
130.233.145.193,59588.0,151.101.85.111,443.0,6.0,24579.0
130.233.145.193,,130.233.251.7,53.0,,577499162.0
130.233.145.193,57494.0,130.233.226.86,10051.0,6.0,1717.0
130.233.145.193,,23.42.154.185,443.0,6.0,5611385.0
130.233.145.193,52808.0,151.101.84.193,443.0,6.0,46778.0
130.233.145.193,59268.0,54.171.13.176,443.0,6.0,250274639.0
130.233.145.193,34415.0,130.233.227.16,111.0,6.0,1539.0
130.233.145.193,52134.0,23.42.152.29,443.0,6.0,115721782.0
130.233.145.193,59442.0,54.171.13.176,443.0,6.0,2758215.0
130.233.145.193,37854.0,216.58.211.4,443.0,6.0,590327566.0
130.233.145.193,,130.233.227.12,635.0,17.0,9290.0
130.233.145.193,46492.0,151.101.84.175,443.0,6.0,5413954.0
130.233.226.86,2048.0,130.233.145.193,49601.0,1.0,0.0
130.233.145.193,0.0,130.233.226.86,47606.0,1.0,0.0
130.233.226.86,53444.0,130.233.145.193,10050.0,6.0,1788.0
130.233.226.86,2048.0,,46046.0,1.0,0.0
130.233.145.193,53674.0,151.139.128.14,80.0,6.0,65019564.0
130.233.145.193,0.0,130.233.226.86,50417.0,1.0,0.0
130.233.145.193,55626.0,104.27.143.249,443.0,6.0,
130.233.145.193,50110.0,130.233.251.7,,17.0,424850402.0
130.233.145.193,0.0,130.233.226.86,47701.0,1.0,0.0
130.233.145.193,35512.0,13.107.246.10,443.0,6.0,123353289.0
130.233.145.193,0.0,130.233.226.86,63355.0,1.0,0.0
130.233.145.193,48874.0,130.233.227.12,635.0,17.0,573.0
130.233.145.193,50598.0,130.233.253.39,8140.0,6.0,
130.233.145.143,138.0,130.233.145.255,138.0,17.0,0.0
130.233.226.86,2048.0,130.233.145.193,391.0,1.0,
130.233.226.86,2048.0,130.233.145.193,35032.0,1.0,0.0
130.233.145.193,44074.0,172.64.173.16,443.0,6.0,
130.233.145.193,,192.229.233.50,443.0,6.0,170180327.0
130.233.145.193,57904.0,54.72.133.38,443.0,6.0,237817546.0
130.233.145.157,57621.0,130.233.145.255,57621.0,17.0,312777603.0
130.233.145.193,59546.0,172.217.21.130,443.0,6.0,42092.0
130.233.145.193,50186.0,13.33.44.248,443.0,6.0,115156360.0
130.233.226.86,50076.0,130.233.145.193,10050.0,6.0,1503.0
130.233.145.193,48824.0,64.202.112.63,443.0,6.0,461700.0
130.233.145.193,44942.0,130.233.226.86,10051.0,6.0,3171.0
130.233.145.193,56624.0,130.233.227.12,111.0,6.0,1310.0
130.233.145.193,0.0,3.8.75.184,9027.0,1.0,0.0
130.233.145.193,,192.0.77.2,443.0,6.0,171018413.0
130.233.145.193,58806.0,104.27.166.220,443.0,6.0,2024053.0
130.233.226.86,2048.0,130.233.145.193,47600.0,1.0,0.0
130.233.226.86,2048.0,130.233.145.193,46079.0,1.0,0.0
130.233.145.193,53400.0,209.197.3.15,443.0,6.0,170096584.0
130.233.145.193,49362.0,216.58.211.130,443.0,6.0,296730720.0
130.233.145.193,0.0,130.233.226.86,35983.0,1.0,0.0
130.233.145.193,,64.202.112.63,443.0,6.0,470532.0
130.233.145.182,,130.233.145.255,138.0,,
130.233.226.86,2048.0,130.233.145.193,7236.0,1.0,0.0
130.233.226.86,60014.0,130.233.145.193,10050.0,6.0,2172.0
130.233.145.193,0.0,130.233.226.86,35886.0,1.0,
130.233.226.86,39976.0,130.233.145.193,10050.0,6.0,2670.0
130.233.145.193,45670.0,130.233.226.86,10051.0,6.0,1661.0
130.233.145.193,44678.0,195.8.215.224,443.0,6.0,1181135.0
130.233.145.193,46538.0,151.101.84.175,443.0,6.0,5041600.0
130.233.145.193,52188.0,54.194.238.142,443.0,6.0,226512477.0
130.233.226.86,56668.0,130.233.145.193,10050.0,6.0,1428.0
130.233.145.193,38245.0,130.233.227.12,111.0,17.0,437.0
,39240.0,,443.0,6.0,170759266.0
130.233.145.193,38952.0,130.233.251.5,88.0,6.0,1607.0
130.233.226.86,2048.0,130.233.145.193,11002.0,1.0,0.0
130.233.145.193,47948.0,31.13.72.36,443.0,,
130.233.145.193,49534.0,209.85.225.198,443.0,6.0,463258.0
130.233.226.86,2048.0,130.233.145.193,64466.0,1.0,
130.233.145.193,50110.0,130.233.251.4,53.0,17.0,583453171.0
130.233.226.86,2048.0,130.233.145.193,,1.0,0.0
130.233.145.193,55160.0,104.66.121.204,443.0,6.0,118170252.0
130.233.145.193,,93.184.220.29,80.0,6.0,115535404.0
130.233.145.193,0.0,35.154.18.58,31852.0,1.0,0.0
130.233.145.193,51926.0,23.42.152.29,443.0,6.0,211817341.0
130.233.145.193,37712.0,192.0.77.32,443.0,6.0,214526997.0
130.233.145.193,40158.0,18.204.96.124,443.0,6.0,206147934.0
130.233.145.193,35510.0,13.107.246.10,443.0,6.0,122543099.0
130.233.145.193,45794.0,52.114.88.20,443.0,6.0,246164423.0
130.233.145.193,,130.233.227.12,2049.0,17.0,399.0
130.233.145.193,925.0,130.233.227.12,635.0,17.0,976.0
130.233.145.193,37080.0,172.217.21.142,443.0,,40503.0
130.233.145.193,37801.0,130.233.227.12,2049.0,6.0,1109.0
130.233.145.193,56598.0,151.139.128.14,80.0,6.0,65027922.0
130.233.145.193,50166.0,52.213.115.189,443.0,6.0,62722898.0
130.233.145.193,59150.0,178.162.133.149,443.0,6.0,6041527.0
130.233.145.193,45072.0,104.102.51.133,443.0,6.0,5458351.0
130.233.145.193,42150.0,130.233.226.86,10051.0,6.0,5564.0
130.233.226.86,2048.0,130.233.145.193,,1.0,0.0
130.233.145.182,138.0,130.233.145.255,138.0,17.0,0.0
130.233.145.193,0.0,130.233.226.86,62178.0,,0.0
130.233.226.86,2048.0,130.233.145.193,50532.0,1.0,0.0
130.233.145.193,57512.0,130.233.226.86,10051.0,6.0,1569.0
130.233.145.193,887.0,130.233.227.12,635.0,17.0,11666.0
130.233.145.193,,91.198.174.192,443.0,6.0,184905.0
130.233.226.86,2048.0,130.233.145.193,,1.0,0.0
130.233.145.193,50110.0,130.233.251.7,53.0,17.0,595552128.0
130.233.145.193,59328.0,54.171.13.176,443.0,6.0,88451104.0
130.233.145.193,0.0,130.233.226.86,51649.0,1.0,0.0
130.233.145.193,52806.0,151.101.84.193,443.0,6.0,26122.0
130.233.145.193,0.0,52.69.153.168,7250.0,1.0,0.0
130.233.145.193,59392.0,54.171.13.176,443.0,6.0,107439360.0
130.233.145.193,38452.0,192.0.77.2,443.0,6.0,32340.0
130.233.145.193,46666.0,151.101.84.175,443.0,6.0,5031557.0
130.233.226.86,2048.0,130.233.145.193,30314.0,1.0,0.0
130.233.145.193,45558.0,130.233.226.86,10051.0,6.0,5033.0
130.233.145.193,49698.0,151.101.86.49,443.0,6.0,170850597.0
130.233.145.193,42326.0,13.33.44.15,443.0,6.0,115731639.0
130.233.145.193,,130.233.226.86,,1.0,0.0
130.233.145.193,57536.0,130.233.226.86,10051.0,6.0,2178.0
130.233.145.193,0.0,35.154.18.58,6143.0,1.0,0.0
130.233.145.193,45364.0,31.13.72.12,443.0,6.0,174466787.0
130.233.226.86,2048.0,130.233.145.193,38766.0,,0.0
130.233.145.193,0.0,130.233.226.86,22047.0,1.0,0.0
130.233.145.193,41917.0,130.233.227.12,111.0,6.0,1195.0
130.233.145.193,36085.0,130.233.227.12,111.0,6.0,1008.0
130.233.145.193,56702.0,130.233.226.86,10051.0,6.0,
130.233.145.193,41156.0,188.65.124.64,443.0,6.0,68804594.0
130.233.145.193,0.0,,60506.0,1.0,
130.233.145.193,55746.0,104.18.21.226,80.0,6.0,115348596.0
130.233.145.193,46306.0,216.58.211.130,443.0,6.0,2311691.0
130.233.145.193,39596.0,216.58.207.195,443.0,6.0,
,2048.0,130.233.145.193,24590.0,1.0,0.0
130.233.226.86,2048.0,130.233.145.193,49859.0,1.0,0.0
130.233.145.47,138.0,130.233.145.255,138.0,17.0,0.0
130.233.145.193,33606.0,192.0.73.2,443.0,6.0,37392.0
130.233.145.193,34824.0,23.32.88.144,443.0,,5381253.0
130.233.145.193,59973.0,130.233.227.12,111.0,6.0,
130.233.145.143,138.0,130.233.145.255,138.0,17.0,0.0
130.233.145.193,0.0,130.233.226.86,44308.0,1.0,0.0
130.233.226.86,,130.233.145.193,10050.0,6.0,3349.0
130.233.145.193,52035.0,130.233.227.12,,6.0,740.0
130.233.145.193,50110.0,,53.0,17.0,588979105.0
130.233.145.193,50110.0,130.233.251.7,53.0,17.0,588979103.0
,0.0,130.233.226.86,64904.0,1.0,0.0
130.233.145.193,0.0,130.233.226.86,51330.0,1.0,0.0
130.233.145.193,41016.0,193.166.4.71,80.0,6.0,115905440.0
,0.0,,15780.0,1.0,0.0
130.233.226.86,2048.0,130.233.145.193,23108.0,1.0,0.0
130.233.226.86,2048.0,130.233.145.193,60633.0,1.0,0.0
130.233.226.86,2048.0,,22658.0,1.0,0.0
130.233.145.193,46254.0,151.101.84.175,443.0,6.0,123470796.0
,50174.0,13.33.44.248,443.0,6.0,117156353.0
130.233.145.193,0.0,130.233.226.86,25913.0,1.0,0.0
130.233.145.193,39478.0,192.0.123.248,443.0,6.0,171193791.0
130.233.226.86,2048.0,130.233.145.193,38542.0,1.0,0.0
130.233.145.193,51582.0,216.58.207.200,443.0,6.0,170315073.0
130.233.145.193,0.0,130.233.226.86,589.0,1.0,
130.233.145.193,35907.0,130.233.227.12,2049.0,6.0,916.0
130.233.145.193,59110.0,130.233.226.86,10051.0,6.0,2180.0
130.233.145.193,52689.0,130.233.227.12,2049.0,6.0,821.0
130.233.145.193,59454.0,172.217.21.130,443.0,6.0,170928204.0
130.233.145.193,974.0,130.233.227.16,2049.0,6.0,52813.0
130.233.145.193,55202.0,40.102.34.34,443.0,6.0,
130.233.145.193,57508.0,130.233.226.86,10051.0,6.0,6508.0
130.233.145.193,51978.0,192.0.78.18,443.0,6.0,170404559.0
130.233.145.193,44774.0,195.8.215.224,443.0,6.0,1359739.0
130.233.145.66,137.0,130.233.145.255,137.0,17.0,1504311.0
,138.0,130.233.145.255,138.0,17.0,0.0
130.233.145.193,0.0,130.233.226.86,11639.0,1.0,0.0
130.233.145.193,50824.0,151.101.128.217,443.0,6.0,120385471.0
130.233.145.16,,130.233.145.255,138.0,17.0,0.0
130.233.145.193,33608.0,192.0.73.2,443.0,6.0,174046521.0
130.233.145.193,0.0,130.233.226.86,,1.0,0.0
130.233.145.66,138.0,130.233.145.255,138.0,17.0,0.0
130.233.145.193,56666.0,130.233.226.86,10051.0,6.0,4238.0
130.233.145.193,45564.0,130.233.226.86,10051.0,6.0,2999.0
130.233.251.5,60191.0,130.233.145.193,137.0,17.0,498232.0
130.233.145.193,51132.0,,443.0,6.0,116125864.0
130.233.145.193,43820.0,172.64.173.16,443.0,6.0,171045172.0
130.233.145.193,0.0,130.233.226.86,29957.0,1.0,0.0
130.233.145.118,138.0,130.233.145.255,138.0,17.0,0.0
130.233.226.86,46764.0,130.233.145.193,10050.0,6.0,714.0
130.233.145.193,0.0,130.233.226.86,42143.0,1.0,0.0
130.233.145.193,35368.0,192.139.46.66,443.0,6.0,6241371.0
130.233.145.193,59348.0,46.51.199.167,443.0,6.0,226143092.0
130.233.145.193,33776.0,216.58.211.3,80.0,6.0,299399531.0
130.233.145.193,33280.0,208.80.154.232,80.0,6.0,65329698.0
130.233.145.193,34628.0,93.184.220.113,443.0,6.0,66819.0
130.233.145.193,50110.0,130.233.251.5,53.0,17.0,
130.233.145.193,57550.0,,10051.0,6.0,1299.0
130.233.145.193,40154.0,,443.0,6.0,116600327.0
130.233.145.193,0.0,130.233.226.86,6946.0,1.0,0.0
130.233.145.193,57114.0,130.233.227.12,111.0,17.0,347.0
130.233.145.193,44742.0,157.240.194.21,443.0,6.0,415760631.0
130.233.145.193,59098.0,130.233.226.86,10051.0,6.0,1740.0
130.233.145.193,897.0,130.233.227.12,635.0,17.0,867.0
13.234.221.183,2048.0,130.233.145.193,37403.0,1.0,0.0
130.233.145.193,43352.0,,443.0,6.0,115930126.0
130.233.145.193,44732.0,195.8.215.224,443.0,6.0,1196939.0
130.233.145.193,56752.0,130.233.226.86,10051.0,6.0,1626.0
130.233.226.86,2048.0,130.233.145.193,65043.0,1.0,0.0
130.233.145.193,0.0,130.233.226.86,63452.0,1.0,0.0
,53858.0,151.139.128.14,80.0,6.0,20401810.0
130.233.145.193,58872.0,3.120.224.89,443.0,6.0,10132057.0
130.233.145.193,34674.0,185.33.223.215,443.0,6.0,5086390.0
130.233.145.193,58930.0,140.109.20.229,443.0,6.0,10315630.0
130.233.145.193,59200.0,130.233.226.86,10051.0,6.0,1424.0
130.233.145.193,57752.0,172.217.21.163,443.0,6.0,170899336.0
,45620.0,130.233.226.86,10051.0,6.0,1837.0
130.233.226.86,2048.0,130.233.145.193,,1.0,0.0
130.233.226.86,2048.0,130.233.145.193,33436.0,1.0,0.0
130.233.145.193,49282.0,23.32.88.144,443.0,6.0,597045032.0
130.233.226.86,2048.0,130.233.145.193,33838.0,1.0,0.0
130.233.145.193,38950.0,130.233.251.5,88.0,6.0,1453.0
130.233.145.193,37982.0,130.233.251.5,88.0,17.0,971.0
130.233.226.86,48110.0,130.233.145.193,10050.0,6.0,1269.0
130.233.145.193,47142.0,50.63.243.230,,6.0,394025.0
130.233.145.193,43494.0,130.233.227.12,111.0,6.0,1218.0
130.233.145.193,0.0,130.233.226.86,61504.0,1.0,0.0
130.233.145.193,53928.0,35.190.72.21,443.0,6.0,178360301.0
130.233.145.193,37640.0,93.184.220.113,443.0,6.0,59622185.0
130.233.145.193,55900.0,,443.0,6.0,177345964.0
130.233.145.193,51684.0,52.17.77.132,443.0,6.0,5957693.0
130.233.145.193,45736.0,130.233.226.86,10051.0,6.0,12965.0
130.233.145.193,41616.0,130.233.226.86,10051.0,,2251.0
130.233.226.86,2048.0,130.233.145.193,44556.0,1.0,0.0
130.233.145.193,41666.0,130.233.226.86,10051.0,6.0,1914.0
130.233.145.193,52806.0,130.233.251.5,88.0,6.0,1632.0
130.233.145.193,0.0,130.233.226.86,42941.0,1.0,0.0
130.233.145.193,0.0,130.233.226.86,5124.0,1.0,0.0
130.233.145.193,59386.0,172.217.21.130,443.0,6.0,576795701.0
130.233.145.193,0.0,130.233.226.86,1556.0,1.0,0.0
130.233.145.193,42292.0,130.233.226.86,10051.0,6.0,1398.0
3.112.14.218,2048.0,130.233.145.193,44269.0,1.0,0.0
13.114.205.137,2048.0,130.233.145.193,63434.0,1.0,0.0
130.233.145.193,50700.0,151.101.85.140,443.0,6.0,16338615.0
130.233.226.86,2048.0,130.233.145.193,46312.0,1.0,0.0
130.233.145.193,0.0,130.233.226.86,58676.0,1.0,0.0
130.233.145.193,56672.0,216.58.211.142,443.0,6.0,181200242.0
130.233.145.193,50456.0,91.198.174.208,443.0,6.0,
130.233.145.193,50158.0,52.85.240.181,443.0,6.0,32725.0
130.233.226.86,2048.0,,56342.0,1.0,0.0
130.233.145.193,57242.0,52.215.122.36,443.0,6.0,170887793.0
130.233.145.193,59144.0,130.233.226.86,10051.0,6.0,2181.0
130.233.145.193,53888.0,151.139.128.14,80.0,6.0,20586043.0
130.233.145.193,35670.0,192.139.46.66,443.0,6.0,5549474.0
130.233.145.124,17500.0,130.233.145.255,17500.0,17.0,573622916.0
130.233.226.86,2048.0,130.233.145.193,47936.0,1.0,0.0
130.233.145.193,,157.240.194.27,443.0,6.0,598919360.0
130.233.145.193,53670.0,151.139.128.14,80.0,6.0,65022998.0
130.233.145.193,59132.0,130.233.226.86,10051.0,6.0,1076.0
130.233.145.79,,,138.0,17.0,0.0
130.233.145.193,52786.0,188.65.124.34,443.0,6.0,
130.233.145.101,138.0,130.233.145.255,138.0,,0.0
130.233.145.12,138.0,,138.0,17.0,0.0
130.233.145.193,58334.0,54.72.133.38,443.0,6.0,82818384.0
130.233.226.86,2048.0,130.233.145.193,30794.0,,0.0
130.233.145.193,42466.0,130.233.226.86,10051.0,6.0,3594.0
130.233.145.193,59448.0,172.217.21.130,443.0,6.0,170572647.0
130.233.145.193,0.0,130.233.226.86,15054.0,1.0,0.0
130.233.145.193,0.0,130.233.226.86,2646.0,1.0,0.0
35.154.18.58,2048.0,130.233.145.193,29804.0,1.0,0.0
130.233.145.193,0.0,13.234.221.183,39451.0,1.0,0.0
130.233.145.193,55507.0,130.233.227.12,111.0,17.0,330.0
130.233.145.193,49530.0,104.102.56.238,443.0,6.0,40098314.0
130.233.145.193,59958.0,130.233.227.12,111.0,6.0,13021.0
130.233.145.193,56794.0,130.233.226.86,10051.0,6.0,2926.0
130.233.145.128,138.0,130.233.145.255,138.0,17.0,0.0
130.233.145.193,47218.0,50.63.243.230,80.0,6.0,394578.0
130.233.145.193,0.0,130.233.226.86,30140.0,1.0,0.0
130.233.145.157,57621.0,130.233.145.255,57621.0,17.0,450105133.0
130.233.145.193,51688.0,52.17.77.132,443.0,6.0,5957281.0
130.233.145.193,59138.0,130.233.226.86,10051.0,6.0,8749.0
130.233.145.193,42430.0,130.233.226.86,10051.0,6.0,2934.0
130.233.226.86,2048.0,130.233.145.193,19424.0,1.0,0.0
130.233.145.193,57306.0,130.233.227.12,111.0,6.0,9538.0
130.233.145.193,809.0,130.233.227.12,635.0,17.0,550.0
130.233.145.193,59602.0,151.101.85.111,,6.0,577030053.0
130.233.145.193,42434.0,70.42.32.31,443.0,6.0,576560.0
130.233.145.157,57621.0,130.233.145.255,57621.0,17.0,552485351.0
130.233.145.193,57514.0,130.233.226.86,10051.0,6.0,3443.0
130.233.226.86,2048.0,130.233.145.193,61493.0,1.0,0.0
130.233.145.193,59204.0,13.33.44.179,443.0,6.0,115943934.0
130.233.226.86,2048.0,130.233.145.193,42219.0,1.0,0.0
130.233.145.193,32804.0,13.33.76.166,443.0,6.0,31307.0
130.233.145.193,42632.0,130.233.226.86,10051.0,6.0,2858.0
130.233.145.193,0.0,130.233.226.86,,,0.0
,40447.0,130.233.227.16,2049.0,6.0,8661.0
3.112.60.141,2048.0,130.233.145.193,34835.0,1.0,0.0
130.233.145.193,44902.0,130.233.226.86,10051.0,,1771.0
130.233.145.193,32962.0,64.233.165.156,443.0,6.0,79692.0
130.233.145.193,0.0,130.233.226.86,5456.0,1.0,0.0
130.233.145.193,42130.0,104.19.198.151,443.0,6.0,170556836.0
130.233.226.86,2048.0,130.233.145.193,49133.0,1.0,0.0
130.233.145.193,,178.250.0.163,443.0,6.0,70960568.0
130.233.145.35,57621.0,130.233.145.255,57621.0,17.0,558915173.0
130.233.226.86,2048.0,130.233.145.193,7193.0,1.0,0.0
130.233.145.193,42412.0,130.233.226.86,10051.0,,3243.0
130.233.145.193,50110.0,130.233.251.6,53.0,17.0,587483948.0
130.233.145.193,44208.0,130.233.227.12,111.0,6.0,966.0
130.233.145.193,771.0,,36834.0,1.0,510911.0
130.233.145.193,51146.0,35.190.72.21,443.0,6.0,2008779.0
130.233.145.193,46167.0,130.233.227.12,635.0,17.0,368.0
130.233.145.18,138.0,130.233.145.255,138.0,17.0,0.0
130.233.145.193,42312.0,130.233.226.86,10051.0,6.0,2552.0
130.233.145.15,138.0,130.233.145.255,138.0,17.0,0.0
130.233.145.193,47788.0,216.58.207.246,443.0,6.0,54088.0
130.233.145.193,34603.0,130.233.227.16,2049.0,6.0,7936.0
130.233.226.86,2048.0,130.233.145.193,34746.0,1.0,0.0
130.233.145.193,50354.0,52.85.243.198,443.0,6.0,35141.0
130.233.145.79,138.0,130.233.145.255,138.0,17.0,0.0
,50110.0,130.233.251.4,53.0,17.0,577499172.0
130.233.145.193,0.0,130.233.226.86,45264.0,1.0,0.0
130.233.145.193,0.0,130.233.226.86,51907.0,1.0,0.0
130.233.145.193,34112.0,66.117.25.58,443.0,6.0,16744593.0
130.233.145.193,34032.0,31.13.72.36,443.0,6.0,
130.233.145.193,59210.0,,,6.0,12236.0
130.233.145.193,0.0,130.233.226.86,9001.0,1.0,0.0
130.233.145.90,138.0,130.233.145.255,138.0,,0.0
130.233.145.31,138.0,130.233.145.255,138.0,17.0,0.0
,45558.0,130.233.145.193,10050.0,6.0,1554.0
130.233.145.193,39602.0,216.58.207.195,443.0,6.0,42596.0
130.233.145.193,38407.0,130.233.227.12,111.0,6.0,1660.0
130.233.145.193,0.0,130.233.226.86,17244.0,1.0,0.0
130.233.145.193,42324.0,70.42.32.31,443.0,6.0,563792.0
130.233.145.193,52638.0,52.114.6.46,443.0,6.0,9418796.0
130.233.145.193,0.0,130.233.226.86,52580.0,1.0,0.0
130.233.226.86,2048.0,130.233.145.193,39288.0,1.0,0.0
130.233.226.86,50294.0,130.233.145.193,10050.0,6.0,4660.0
130.233.226.86,42604.0,130.233.145.193,10050.0,6.0,1239.0
,2048.0,130.233.145.193,50110.0,1.0,0.0
130.233.145.193,54781.0,130.233.227.12,111.0,6.0,
130.233.145.193,0.0,130.233.226.86,11298.0,1.0,0.0
130.233.145.193,44236.0,130.233.227.12,111.0,6.0,1140.0
130.233.145.43,137.0,130.233.145.255,137.0,17.0,2260985.0
130.233.145.193,52408.0,107.23.63.145,443.0,6.0,20759029.0
130.233.145.193,0.0,119.93.171.187,20100.0,1.0,
130.233.145.193,41328.0,216.58.207.228,443.0,6.0,54098.0
130.233.145.193,0.0,130.233.226.86,28493.0,1.0,0.0
130.233.145.193,38630.0,23.42.154.17,443.0,6.0,5888965.0
130.233.145.193,,23.42.152.237,443.0,6.0,41684136.0
,44118.0,192.0.78.23,443.0,6.0,174267430.0
130.233.226.86,,130.233.145.193,10050.0,,1057.0
130.233.145.193,59464.0,46.51.199.167,443.0,6.0,82127171.0
130.233.226.86,2048.0,130.233.145.193,64015.0,1.0,0.0
,53380.0,37.252.173.38,443.0,6.0,5339094.0
130.233.145.193,56684.0,130.233.226.86,10051.0,6.0,1163.0
130.233.145.193,0.0,130.233.226.86,,1.0,0.0
130.233.226.86,51956.0,130.233.145.193,,6.0,7708.0
130.233.145.193,0.0,130.233.226.86,41336.0,1.0,0.0
130.233.145.193,0.0,130.233.226.86,22037.0,1.0,0.0
130.233.145.193,59876.0,130.233.227.12,111.0,6.0,1014.0
130.233.145.66,137.0,130.233.145.255,,17.0,101003392.0
130.233.145.193,60774.0,130.233.227.12,635.0,17.0,466.0
130.233.145.193,49902.0,172.82.248.109,443.0,6.0,
130.233.145.193,0.0,,14793.0,1.0,0.0
130.233.145.193,,130.233.226.86,10051.0,6.0,2177.0
130.233.226.86,2048.0,130.233.145.193,48048.0,1.0,0.0
130.233.145.193,52228.0,130.233.227.12,111.0,17.0,705.0
130.233.145.193,40382.0,104.24.111.35,443.0,6.0,10692739.0
130.233.226.86,2048.0,130.233.145.193,266.0,1.0,0.0
130.233.145.193,43466.0,104.17.142.36,443.0,6.0,42450.0
130.233.145.193,826.0,130.233.227.12,635.0,17.0,625.0
130.233.145.193,33304.0,23.42.152.136,443.0,6.0,40044568.0
130.233.145.193,46678.0,151.101.84.175,443.0,6.0,5589968.0
130.233.145.193,0.0,130.233.226.86,9284.0,1.0,0.0
130.233.145.193,0.0,130.233.226.86,,1.0,0.0
130.233.145.193,44746.0,157.240.194.21,443.0,6.0,30670.0
130.233.226.86,2048.0,130.233.145.193,20137.0,,0.0
130.233.145.193,46610.0,,443.0,6.0,5033240.0
,0.0,130.233.226.86,,1.0,0.0
130.233.145.193,45410.0,130.233.226.86,10051.0,6.0,2546.0
130.233.145.193,50712.0,151.101.85.140,443.0,6.0,24212.0
130.233.145.193,51350.0,172.217.20.46,443.0,6.0,375124213.0
130.233.145.193,0.0,130.233.226.86,45347.0,1.0,0.0
130.233.145.66,137.0,130.233.145.255,137.0,17.0,225709170.0
130.233.226.86,2048.0,130.233.145.193,46425.0,1.0,0.0
130.233.145.193,34922.0,54.76.84.205,443.0,6.0,72461901.0
130.233.145.16,138.0,130.233.145.255,138.0,,0.0
130.233.145.63,138.0,130.233.145.255,,17.0,0.0
130.233.145.193,44634.0,195.8.215.224,443.0,6.0,1205502.0
130.233.145.193,57502.0,130.233.226.86,10051.0,6.0,1252.0
130.233.145.128,138.0,130.233.145.255,138.0,17.0,0.0
130.233.145.193,35282.0,172.217.20.42,443.0,6.0,524760482.0
130.233.145.193,842.0,130.233.227.12,635.0,17.0,355.0
130.233.145.193,45412.0,130.233.226.86,10051.0,6.0,2361.0
,,130.233.145.255,138.0,17.0,0.0
130.233.145.193,0.0,52.197.186.152,13139.0,1.0,0.0
130.233.145.193,0.0,130.233.226.86,23001.0,1.0,0.0
130.233.145.193,56680.0,130.233.226.86,10051.0,6.0,1365.0
130.233.145.193,,130.233.226.86,32045.0,1.0,0.0
130.233.145.193,0.0,130.233.226.86,36794.0,1.0,0.0
130.233.226.86,2048.0,130.233.145.193,18135.0,,0.0
130.233.145.193,0.0,130.233.226.86,40627.0,1.0,0.0
130.233.145.193,0.0,130.233.226.86,39584.0,1.0,0.0
130.233.145.193,33770.0,216.58.211.3,80.0,6.0,126044526.0
130.233.145.193,44970.0,130.233.226.86,10051.0,6.0,1249.0
130.233.145.193,53606.0,104.16.130.230,443.0,6.0,170501940.0
130.233.226.86,53396.0,130.233.145.193,10050.0,6.0,2022.0
130.233.145.193,0.0,130.233.226.86,22249.0,1.0,0.0
130.233.145.193,59002.0,54.171.13.176,,6.0,40982997.0
130.233.145.193,34606.0,,443.0,6.0,5100958.0
,48928.0,192.0.72.31,443.0,6.0,171087646.0
130.233.145.193,57490.0,130.233.226.86,,6.0,6126.0
130.233.226.86,2048.0,130.233.145.193,13612.0,1.0,0.0
130.233.145.53,138.0,130.233.145.255,138.0,17.0,0.0
130.233.145.193,34702.0,185.33.223.215,443.0,,5673593.0
,,130.233.145.255,137.0,17.0,337066718.0
,56672.0,130.233.226.86,10051.0,6.0,5076.0
130.233.145.193,42566.0,,10051.0,6.0,1111.0
130.233.145.193,50704.0,151.101.85.140,443.0,6.0,2149934.0
130.233.145.193,49882.0,152.199.19.43,443.0,6.0,
130.233.145.193,,130.233.226.86,10051.0,6.0,2900.0
130.233.145.193,47498.0,130.233.227.12,111.0,17.0,356.0
130.233.145.15,138.0,130.233.145.255,138.0,17.0,0.0
130.233.145.193,0.0,130.233.226.86,18627.0,1.0,0.0
130.233.145.193,40164.0,18.204.96.124,443.0,6.0,115666452.0
130.233.145.193,59684.0,151.101.85.111,443.0,6.0,24950.0
13.234.221.179,2048.0,130.233.145.193,16029.0,1.0,0.0
130.233.226.86,33374.0,130.233.145.193,10050.0,6.0,1476.0
130.233.145.193,0.0,130.233.226.86,,1.0,0.0
,50178.0,13.33.44.248,443.0,6.0,116711415.0
130.233.145.193,0.0,130.233.226.86,6256.0,,0.0
130.233.145.193,39315.0,130.233.227.12,635.0,17.0,284.0
130.233.145.180,,130.233.145.255,138.0,17.0,0.0
130.233.145.193,58028.0,31.13.72.8,443.0,6.0,23813.0
130.233.145.193,0.0,130.233.226.86,30554.0,1.0,0.0
130.233.226.86,2048.0,130.233.145.193,12899.0,1.0,0.0
130.233.145.193,46672.0,208.123.73.73,443.0,6.0,71126060.0
130.233.145.10,137.0,130.233.145.255,137.0,17.0,10505581.0
130.233.145.193,0.0,130.233.226.86,16514.0,1.0,0.0
130.233.145.193,44276.0,130.233.227.12,111.0,6.0,
130.233.145.25,138.0,130.233.145.255,138.0,17.0,0.0
130.233.226.86,2048.0,130.233.145.193,23170.0,1.0,0.0
130.233.145.193,45074.0,104.102.51.133,443.0,6.0,66829.0
130.233.145.180,137.0,130.233.145.255,137.0,17.0,
130.233.145.18,138.0,130.233.145.255,138.0,17.0,0.0
130.233.145.193,57542.0,130.233.226.86,10051.0,6.0,2041.0
130.233.145.193,0.0,130.233.226.86,64177.0,1.0,0.0
,138.0,130.233.145.255,138.0,17.0,0.0
130.233.145.193,37070.0,172.217.21.142,443.0,6.0,241506993.0
130.233.145.66,137.0,130.233.145.255,137.0,17.0,108568830.0
130.233.145.193,50110.0,130.233.251.5,53.0,17.0,424850402.0
35.154.18.58,2048.0,,4095.0,1.0,0.0
130.233.145.193,42278.0,54.192.98.134,80.0,6.0,116662387.0
130.233.226.86,2048.0,130.233.145.193,10336.0,1.0,0.0
130.233.226.86,2048.0,130.233.145.193,11427.0,1.0,0.0
54.65.70.208,2048.0,130.233.145.193,29355.0,1.0,0.0
130.233.145.193,974.0,130.233.227.16,2049.0,6.0,300121212.0
130.233.145.193,44722.0,195.8.215.224,443.0,6.0,1189509.0
130.233.145.193,680.0,130.233.227.16,2049.0,6.0,202301561.0
130.233.145.193,53676.0,151.139.128.14,,6.0,65035694.0
130.233.145.193,57520.0,130.233.226.86,10051.0,6.0,13966.0
130.233.145.193,50182.0,13.33.44.248,443.0,6.0,115204458.0
130.233.145.193,50460.0,91.198.174.208,443.0,,87980.0
130.233.145.133,138.0,130.233.145.255,138.0,17.0,0.0
130.233.145.193,863.0,130.233.227.12,635.0,,1175.0
130.233.145.193,0.0,130.233.226.86,61734.0,1.0,0.0
130.233.145.193,57733.0,130.233.227.12,111.0,6.0,1833.0
130.233.226.86,41042.0,130.233.145.193,10050.0,6.0,1419.0
130.233.145.193,43354.0,40.101.84.226,443.0,6.0,115848618.0
130.233.145.130,138.0,130.233.145.255,138.0,17.0,0.0
130.233.226.86,36944.0,130.233.145.193,10050.0,6.0,2456.0
130.233.145.193,0.0,130.233.226.86,7034.0,1.0,
130.233.145.193,56050.0,64.233.165.155,443.0,6.0,170631160.0
130.233.145.193,50110.0,130.233.251.5,53.0,17.0,588979113.0
130.233.145.193,0.0,130.233.226.86,24516.0,1.0,0.0
130.233.145.193,40118.0,46.137.117.17,443.0,6.0,5398815.0
130.233.226.86,37110.0,130.233.145.193,10050.0,6.0,995.0
130.233.145.193,44932.0,130.233.226.86,10051.0,6.0,1536.0
130.233.145.193,60274.0,13.33.44.61,443.0,6.0,
130.233.145.193,57504.0,130.233.226.86,10051.0,6.0,2917.0
130.233.145.167,137.0,130.233.145.255,137.0,17.0,1510030.0
130.233.145.193,39118.0,216.58.211.14,443.0,6.0,170871004.0
130.233.145.9,137.0,130.233.145.255,137.0,17.0,1506614.0
130.233.145.193,39600.0,216.58.207.195,443.0,6.0,41440.0
130.233.226.86,2048.0,130.233.145.193,17919.0,1.0,0.0
130.233.145.193,57518.0,130.233.226.86,10051.0,6.0,1806.0
130.233.145.193,646.0,130.233.227.16,,,638.0
130.233.145.118,138.0,130.233.145.255,138.0,17.0,0.0
130.233.226.86,2048.0,130.233.145.193,62856.0,1.0,0.0
130.233.145.193,52549.0,130.233.227.12,2049.0,6.0,995.0
130.233.226.86,2048.0,130.233.145.193,,1.0,0.0
130.233.145.193,58938.0,140.109.20.229,443.0,6.0,9762905.0
130.233.145.193,814.0,130.233.227.12,635.0,17.0,501.0
130.233.226.86,2048.0,130.233.145.193,22348.0,1.0,0.0
13.114.205.137,2048.0,130.233.145.193,32950.0,1.0,0.0
130.233.145.193,52184.0,23.42.152.29,443.0,6.0,92736827.0
130.233.226.86,2048.0,130.233.145.193,45109.0,1.0,0.0
130.233.145.193,56638.0,130.233.226.86,10051.0,6.0,1963.0
130.233.145.193,50810.0,151.101.128.217,443.0,6.0,192078.0
130.233.145.193,0.0,13.114.205.137,65482.0,1.0,0.0
130.233.145.193,50028.0,209.197.3.15,80.0,6.0,10022647.0
130.233.145.193,52594.0,93.184.220.29,80.0,6.0,115430967.0
130.233.145.193,44710.0,195.8.215.224,443.0,6.0,
130.233.145.193,53304.0,104.200.21.240,80.0,6.0,1042575.0
130.233.145.193,56792.0,130.233.226.86,10051.0,6.0,1139.0
130.233.145.193,43464.0,104.17.142.36,443.0,6.0,43725.0
130.233.145.193,50590.0,23.42.152.238,443.0,6.0,116635021.0
130.233.145.193,59090.0,54.171.13.176,443.0,6.0,134627385.0
130.233.145.193,54648.0,136.144.49.28,443.0,6.0,116593.0
,2048.0,130.233.145.193,4597.0,1.0,0.0
13.231.120.57,2048.0,130.233.145.193,13331.0,1.0,0.0
130.233.145.193,42530.0,70.42.32.31,443.0,6.0,566550.0
130.233.226.86,2048.0,130.233.145.193,46543.0,1.0,0.0
130.233.145.193,0.0,130.233.226.86,17502.0,1.0,0.0
130.233.145.193,57491.0,130.233.227.12,111.0,6.0,1714.0
130.233.145.193,33735.0,130.233.227.12,111.0,6.0,1099.0
130.233.145.193,49060.0,216.58.211.130,443.0,6.0,277991884.0
130.233.145.193,56572.0,130.233.227.12,111.0,6.0,951.0
130.233.145.182,137.0,130.233.145.255,137.0,17.0,303199285.0
130.233.145.193,,104.200.21.240,80.0,,1014483.0
130.233.145.193,0.0,130.233.226.86,48591.0,1.0,0.0
130.233.145.25,138.0,130.233.145.255,138.0,17.0,0.0
130.233.145.180,138.0,130.233.145.255,138.0,17.0,
,138.0,130.233.145.255,138.0,17.0,0.0
130.233.145.193,44798.0,195.8.215.224,443.0,6.0,259357.0
,0.0,130.233.226.86,46283.0,1.0,0.0
54.250.239.227,2048.0,130.233.145.193,17656.0,1.0,0.0
130.233.145.193,0.0,54.95.25.133,61044.0,1.0,0.0
130.233.145.193,53434.0,151.139.128.14,80.0,6.0,64546534.0
130.233.145.193,58896.0,104.19.118.115,443.0,6.0,173560652.0
130.233.145.99,137.0,130.233.145.255,137.0,17.0,
130.233.145.193,44792.0,172.217.20.54,443.0,6.0,170442712.0
130.233.145.193,,172.64.173.16,443.0,6.0,170201536.0
130.233.145.193,37502.0,216.58.207.202,443.0,6.0,58637139.0
130.233.145.193,42524.0,54.192.98.134,80.0,6.0,115639049.0
,0.0,,4900.0,1.0,0.0
130.233.145.193,53856.0,151.139.128.14,80.0,6.0,20401855.0
