{
	"start":	{
		"connected":	[{
				"socket":	5,
				"local_host":	"172.26.184.25",
				"local_port":	54208,
				"remote_host":	"188.166.241.168",
				"remote_port":	5202
			}],
		"version":	"iperf 3.9",
		"system_info":	"Linux A-Tower 5.15.90.1-microsoft-standard-WSL2 #1 SMP Fri Jan 27 02:56:13 UTC 2023 x86_64",
		"timestamp":	{
			"time":	"Mon, 02 Oct 2023 04:59:23 GMT",
			"timesecs":	1696222763
		},
		"connecting_to":	{
			"host":	"sgp1.iperf.comnet-student.eu",
			"port":	5202
		},
		"cookie":	"oue72nrgxx2jofuks6pvxaigxs6isafu5prg",
		"tcp_mss_default":	1448,
		"sock_bufsize":	0,
		"sndbuf_actual":	16384,
		"rcvbuf_actual":	131072,
		"test_start":	{
			"protocol":	"TCP",
			"num_streams":	1,
			"blksize":	131072,
			"omit":	0,
			"duration":	10,
			"bytes":	0,
			"blocks":	0,
			"reverse":	0,
			"tos":	0
		}
	},
	"intervals":	[{
			"streams":	[{
					"socket":	5,
					"start":	0,
					"end":	1.000928,
					"seconds":	1.0009280443191528,
					"bytes":	104256,
					"bits_per_second":	833274.68416306854,
					"retransmits":	5,
					"snd_cwnd":	8688,
					"rtt":	266513,
					"rttvar":	10610,
					"pmtu":	1500,
					"omitted":	false,
					"sender":	true
				}],
			"sum":	{
				"start":	0,
				"end":	1.000928,
				"seconds":	1.0009280443191528,
				"bytes":	104256,
				"bits_per_second":	833274.68416306854,
				"retransmits":	5,
				"omitted":	false,
				"sender":	true
			}
		}, {
			"streams":	[{
					"socket":	5,
					"start":	1.000928,
					"end":	2.000384,
					"seconds":	0.999455988407135,
					"bytes":	81088,
					"bits_per_second":	649057.094583885,
					"retransmits":	0,
					"snd_cwnd":	14480,
					"rtt":	266505,
					"rttvar":	356,
					"pmtu":	1500,
					"omitted":	false,
					"sender":	true
				}],
			"sum":	{
				"start":	1.000928,
				"end":	2.000384,
				"seconds":	0.999455988407135,
				"bytes":	81088,
				"bits_per_second":	649057.094583885,
				"retransmits":	0,
				"omitted":	false,
				"sender":	true
			}
		}, {
			"streams":	[{
					"socket":	5,
					"start":	2.000384,
					"end":	3.001055,
					"seconds":	1.0006710290908813,
					"bytes":	0,
					"bits_per_second":	0,
					"retransmits":	1,
					"snd_cwnd":	13032,
					"rtt":	266126,
					"rttvar":	366,
					"pmtu":	1500,
					"omitted":	false,
					"sender":	true
				}],
			"sum":	{
				"start":	2.000384,
				"end":	3.001055,
				"seconds":	1.0006710290908813,
				"bytes":	0,
				"bits_per_second":	0,
				"retransmits":	1,
				"omitted":	false,
				"sender":	true
			}
		}, {
			"streams":	[{
					"socket":	5,
					"start":	3.001055,
					"end":	4.000733,
					"seconds":	0.99967801570892334,
					"bytes":	79640,
					"bits_per_second":	637325.20870551036,
					"retransmits":	0,
					"snd_cwnd":	14480,
					"rtt":	272334,
					"rttvar":	12335,
					"pmtu":	1500,
					"omitted":	false,
					"sender":	true
				}],
			"sum":	{
				"start":	3.001055,
				"end":	4.000733,
				"seconds":	0.99967801570892334,
				"bytes":	79640,
				"bits_per_second":	637325.20870551036,
				"retransmits":	0,
				"omitted":	false,
				"sender":	true
			}
		}, {
			"streams":	[{
					"socket":	5,
					"start":	4.000733,
					"end":	5.001174,
					"seconds":	1.0004409551620483,
					"bytes":	0,
					"bits_per_second":	0,
					"retransmits":	1,
					"snd_cwnd":	13032,
					"rtt":	271711,
					"rttvar":	9425,
					"pmtu":	1500,
					"omitted":	false,
					"sender":	true
				}],
			"sum":	{
				"start":	4.000733,
				"end":	5.001174,
				"seconds":	1.0004409551620483,
				"bytes":	0,
				"bits_per_second":	0,
				"retransmits":	1,
				"omitted":	false,
				"sender":	true
			}
		}, {
			"streams":	[{
					"socket":	5,
					"start":	5.001174,
					"end":	6.001,
					"seconds":	0.99982601404190063,
					"bytes":	78192,
					"bits_per_second":	625644.853419252,
					"retransmits":	1,
					"snd_cwnd":	13032,
					"rtt":	273421,
					"rttvar":	13034,
					"pmtu":	1500,
					"omitted":	false,
					"sender":	true
				}],
			"sum":	{
				"start":	5.001174,
				"end":	6.001,
				"seconds":	0.99982601404190063,
				"bytes":	78192,
				"bits_per_second":	625644.853419252,
				"retransmits":	1,
				"omitted":	false,
				"sender":	true
			}
		}, {
			"streams":	[{
					"socket":	5,
					"start":	6.001,
					"end":	7.000245,
					"seconds":	0.99924498796463,
					"bytes":	79640,
					"bits_per_second":	637601.39672829851,
					"retransmits":	0,
					"snd_cwnd":	14480,
					"rtt":	267077,
					"rttvar":	2454,
					"pmtu":	1500,
					"omitted":	false,
					"sender":	true
				}],
			"sum":	{
				"start":	6.001,
				"end":	7.000245,
				"seconds":	0.99924498796463,
				"bytes":	79640,
				"bits_per_second":	637601.39672829851,
				"retransmits":	0,
				"omitted":	false,
				"sender":	true
			}
		}, {
			"streams":	[{
					"socket":	5,
					"start":	7.000245,
					"end":	8.001213,
					"seconds":	1.0009679794311523,
					"bytes":	0,
					"bits_per_second":	0,
					"retransmits":	1,
					"snd_cwnd":	10136,
					"rtt":	265819,
					"rttvar":	583,
					"pmtu":	1500,
					"omitted":	false,
					"sender":	true
				}],
			"sum":	{
				"start":	7.000245,
				"end":	8.001213,
				"seconds":	1.0009679794311523,
				"bytes":	0,
				"bits_per_second":	0,
				"retransmits":	1,
				"omitted":	false,
				"sender":	true
			}
		}, {
			"streams":	[{
					"socket":	5,
					"start":	8.001213,
					"end":	9.000931,
					"seconds":	0.99971801042556763,
					"bytes":	69504,
					"bits_per_second":	556188.83945414168,
					"retransmits":	1,
					"snd_cwnd":	10136,
					"rtt":	269586,
					"rttvar":	5864,
					"pmtu":	1500,
					"omitted":	false,
					"sender":	true
				}],
			"sum":	{
				"start":	8.001213,
				"end":	9.000931,
				"seconds":	0.99971801042556763,
				"bytes":	69504,
				"bits_per_second":	556188.83945414168,
				"retransmits":	1,
				"omitted":	false,
				"sender":	true
			}
		}, {
			"streams":	[{
					"socket":	5,
					"start":	9.000931,
					"end":	10.000291,
					"seconds":	0.99936002492904663,
					"bytes":	75296,
					"bits_per_second":	602753.747372242,
					"retransmits":	0,
					"snd_cwnd":	15928,
					"rtt":	270226,
					"rttvar":	9065,
					"pmtu":	1500,
					"omitted":	false,
					"sender":	true
				}],
			"sum":	{
				"start":	9.000931,
				"end":	10.000291,
				"seconds":	0.99936002492904663,
				"bytes":	75296,
				"bits_per_second":	602753.747372242,
				"retransmits":	0,
				"omitted":	false,
				"sender":	true
			}
		}],
	"end":	{
		"streams":	[{
				"sender":	{
					"socket":	5,
					"start":	0,
					"end":	10.000291,
					"seconds":	10.000291,
					"bytes":	567616,
					"bits_per_second":	454079.586284039,
					"retransmits":	10,
					"max_snd_cwnd":	15928,
					"max_rtt":	273421,
					"min_rtt":	265819,
					"mean_rtt":	268931,
					"sender":	true
				},
				"receiver":	{
					"socket":	5,
					"start":	0,
					"end":	10.272383,
					"seconds":	10.000291,
					"bytes":	460464,
					"bits_per_second":	358603.45160417014,
					"sender":	true
				}
			}],
		"sum_sent":	{
			"start":	0,
			"end":	10.000291,
			"seconds":	10.000291,
			"bytes":	567616,
			"bits_per_second":	454079.586284039,
			"retransmits":	10,
			"sender":	true
		},
		"sum_received":	{
			"start":	0,
			"end":	10.272383,
			"seconds":	10.272383,
			"bytes":	460464,
			"bits_per_second":	358603.45160417014,
			"sender":	true
		},
		"cpu_utilization_percent":	{
			"host_total":	4.8132879199269079,
			"host_user":	1.9943121874419323,
			"host_system":	2.8189757324849758,
			"remote_total":	0.00419517841399559,
			"remote_user":	0.00032070665401285378,
			"remote_system":	0.0038744717599827378
		},
		"sender_tcp_congestion":	"cubic",
		"receiver_tcp_congestion":	"cubic"
	}
}
