{
	"start":	{
		"connected":	[{
				"socket":	5,
				"local_host":	"172.26.184.25",
				"local_port":	34932,
				"remote_host":	"188.166.241.168",
				"remote_port":	5210
			}],
		"version":	"iperf 3.9",
		"system_info":	"Linux A-Tower 5.15.90.1-microsoft-standard-WSL2 #1 SMP Fri Jan 27 02:56:13 UTC 2023 x86_64",
		"timestamp":	{
			"time":	"Sun, 01 Oct 2023 19:59:35 GMT",
			"timesecs":	1696190375
		},
		"connecting_to":	{
			"host":	"sgp1.iperf.comnet-student.eu",
			"port":	5210
		},
		"cookie":	"i346mjwkb3oh6najr74f7iyivgzjsceur2sq",
		"tcp_mss_default":	1448,
		"sock_bufsize":	0,
		"sndbuf_actual":	16384,
		"rcvbuf_actual":	131072,
		"test_start":	{
			"protocol":	"TCP",
			"num_streams":	1,
			"blksize":	131072,
			"omit":	0,
			"duration":	10,
			"bytes":	0,
			"blocks":	0,
			"reverse":	1,
			"tos":	0
		}
	},
	"intervals":	[{
			"streams":	[{
					"socket":	5,
					"start":	0,
					"end":	1.000439,
					"seconds":	1.0004390478134155,
					"bytes":	181168,
					"bits_per_second":	1448707.9479431778,
					"omitted":	false,
					"sender":	false
				}],
			"sum":	{
				"start":	0,
				"end":	1.000439,
				"seconds":	1.0004390478134155,
				"bytes":	181168,
				"bits_per_second":	1448707.9479431778,
				"omitted":	false,
				"sender":	false
			}
		}, {
			"streams":	[{
					"socket":	5,
					"start":	1.000439,
					"end":	2.000235,
					"seconds":	0.999795973300934,
					"bytes":	2002160,
					"bits_per_second":	16020548.619652096,
					"omitted":	false,
					"sender":	false
				}],
			"sum":	{
				"start":	1.000439,
				"end":	2.000235,
				"seconds":	0.999795973300934,
				"bytes":	2002160,
				"bits_per_second":	16020548.619652096,
				"omitted":	false,
				"sender":	false
			}
		}, {
			"streams":	[{
					"socket":	5,
					"start":	2.000235,
					"end":	3.000339,
					"seconds":	1.0001039505004883,
					"bytes":	2993016,
					"bits_per_second":	23941639.254616972,
					"omitted":	false,
					"sender":	false
				}],
			"sum":	{
				"start":	2.000235,
				"end":	3.000339,
				"seconds":	1.0001039505004883,
				"bytes":	2993016,
				"bits_per_second":	23941639.254616972,
				"omitted":	false,
				"sender":	false
			}
		}, {
			"streams":	[{
					"socket":	5,
					"start":	3.000339,
					"end":	4.000194,
					"seconds":	0.99985498189926147,
					"bytes":	4960848,
					"bits_per_second":	39692540.136784121,
					"omitted":	false,
					"sender":	false
				}],
			"sum":	{
				"start":	3.000339,
				"end":	4.000194,
				"seconds":	0.99985498189926147,
				"bytes":	4960848,
				"bits_per_second":	39692540.136784121,
				"omitted":	false,
				"sender":	false
			}
		}, {
			"streams":	[{
					"socket":	5,
					"start":	4.000194,
					"end":	5.000204,
					"seconds":	1.0000100135803223,
					"bytes":	5068000,
					"bits_per_second":	40543594.0134648,
					"omitted":	false,
					"sender":	false
				}],
			"sum":	{
				"start":	4.000194,
				"end":	5.000204,
				"seconds":	1.0000100135803223,
				"bytes":	5068000,
				"bits_per_second":	40543594.0134648,
				"omitted":	false,
				"sender":	false
			}
		}, {
			"streams":	[{
					"socket":	5,
					"start":	5.000204,
					"end":	6.000284,
					"seconds":	1.0000799894332886,
					"bytes":	4994152,
					"bits_per_second":	39950020.4205067,
					"omitted":	false,
					"sender":	false
				}],
			"sum":	{
				"start":	5.000204,
				"end":	6.000284,
				"seconds":	1.0000799894332886,
				"bytes":	4994152,
				"bits_per_second":	39950020.4205067,
				"omitted":	false,
				"sender":	false
			}
		}, {
			"streams":	[{
					"socket":	5,
					"start":	6.000284,
					"end":	7.000259,
					"seconds":	0.999975025653839,
					"bytes":	5361944,
					"bits_per_second":	42896623.3151198,
					"omitted":	false,
					"sender":	false
				}],
			"sum":	{
				"start":	6.000284,
				"end":	7.000259,
				"seconds":	0.999975025653839,
				"bytes":	5361944,
				"bits_per_second":	42896623.3151198,
				"omitted":	false,
				"sender":	false
			}
		}, {
			"streams":	[{
					"socket":	5,
					"start":	7.000259,
					"end":	8.000167,
					"seconds":	0.9999079704284668,
					"bytes":	5605208,
					"bits_per_second":	44845791.138943583,
					"omitted":	false,
					"sender":	false
				}],
			"sum":	{
				"start":	7.000259,
				"end":	8.000167,
				"seconds":	0.9999079704284668,
				"bytes":	5605208,
				"bits_per_second":	44845791.138943583,
				"omitted":	false,
				"sender":	false
			}
		}, {
			"streams":	[{
					"socket":	5,
					"start":	8.000167,
					"end":	9.000252,
					"seconds":	1.00008499622345,
					"bytes":	5308368,
					"bits_per_second":	42463334.776908882,
					"omitted":	false,
					"sender":	false
				}],
			"sum":	{
				"start":	8.000167,
				"end":	9.000252,
				"seconds":	1.00008499622345,
				"bytes":	5308368,
				"bits_per_second":	42463334.776908882,
				"omitted":	false,
				"sender":	false
			}
		}, {
			"streams":	[{
					"socket":	5,
					"start":	9.000252,
					"end":	10.000203,
					"seconds":	0.99995100498199463,
					"bytes":	5495160,
					"bits_per_second":	43963433.989239879,
					"omitted":	false,
					"sender":	false
				}],
			"sum":	{
				"start":	9.000252,
				"end":	10.000203,
				"seconds":	0.99995100498199463,
				"bytes":	5495160,
				"bits_per_second":	43963433.989239879,
				"omitted":	false,
				"sender":	false
			}
		}],
	"end":	{
		"streams":	[{
				"sender":	{
					"socket":	5,
					"start":	0,
					"end":	10.270815,
					"seconds":	10.270815,
					"bytes":	44404384,
					"bits_per_second":	34586843.5951772,
					"retransmits":	970,
					"max_snd_cwnd":	0,
					"max_rtt":	0,
					"min_rtt":	0,
					"mean_rtt":	0,
					"sender":	false
				},
				"receiver":	{
					"socket":	5,
					"start":	0,
					"end":	10.000203,
					"seconds":	10.000203,
					"bytes":	41970024,
					"bits_per_second":	33575337.6206463,
					"sender":	false
				}
			}],
		"sum_sent":	{
			"start":	0,
			"end":	10.270815,
			"seconds":	10.270815,
			"bytes":	44404384,
			"bits_per_second":	34586843.5951772,
			"retransmits":	970,
			"sender":	false
		},
		"sum_received":	{
			"start":	0,
			"end":	10.000203,
			"seconds":	10.000203,
			"bytes":	41970024,
			"bits_per_second":	33575337.6206463,
			"sender":	false
		},
		"cpu_utilization_percent":	{
			"host_total":	2.9819112110199018,
			"host_user":	0.582409674730668,
			"host_system":	2.39946643815441,
			"remote_total":	0.010075622150087435,
			"remote_user":	0.00228046279654743,
			"remote_system":	0.007798339915320405
		},
		"sender_tcp_congestion":	"cubic",
		"receiver_tcp_congestion":	"cubic"
	}
}
