{
	"start":	{
		"connected":	[{
				"socket":	5,
				"local_host":	"172.26.184.25",
				"local_port":	37784,
				"remote_host":	"188.166.241.168",
				"remote_port":	5209
			}],
		"version":	"iperf 3.9",
		"system_info":	"Linux A-Tower 5.15.90.1-microsoft-standard-WSL2 #1 SMP Fri Jan 27 02:56:13 UTC 2023 x86_64",
		"timestamp":	{
			"time":	"Sun, 01 Oct 2023 10:59:23 GMT",
			"timesecs":	1696157963
		},
		"connecting_to":	{
			"host":	"sgp1.iperf.comnet-student.eu",
			"port":	5209
		},
		"cookie":	"rlaatzrpeuhfrlrupkamem6blwfxevl3hjgu",
		"tcp_mss_default":	1448,
		"sock_bufsize":	0,
		"sndbuf_actual":	16384,
		"rcvbuf_actual":	131072,
		"test_start":	{
			"protocol":	"TCP",
			"num_streams":	1,
			"blksize":	131072,
			"omit":	0,
			"duration":	10,
			"bytes":	0,
			"blocks":	0,
			"reverse":	0,
			"tos":	0
		}
	},
	"intervals":	[{
			"streams":	[{
					"socket":	5,
					"start":	0,
					"end":	1.000597,
					"seconds":	1.00059700012207,
					"bytes":	167968,
					"bits_per_second":	1342942.2633048736,
					"retransmits":	2,
					"snd_cwnd":	20272,
					"rtt":	273334,
					"rttvar":	1397,
					"pmtu":	1500,
					"omitted":	false,
					"sender":	true
				}],
			"sum":	{
				"start":	0,
				"end":	1.000597,
				"seconds":	1.00059700012207,
				"bytes":	167968,
				"bits_per_second":	1342942.2633048736,
				"retransmits":	2,
				"omitted":	false,
				"sender":	true
			}
		}, {
			"streams":	[{
					"socket":	5,
					"start":	1.000597,
					"end":	2.000149,
					"seconds":	0.999552011489868,
					"bytes":	156384,
					"bits_per_second":	1251632.7170761551,
					"retransmits":	0,
					"snd_cwnd":	27512,
					"rtt":	272612,
					"rttvar":	470,
					"pmtu":	1500,
					"omitted":	false,
					"sender":	true
				}],
			"sum":	{
				"start":	1.000597,
				"end":	2.000149,
				"seconds":	0.999552011489868,
				"bytes":	156384,
				"bits_per_second":	1251632.7170761551,
				"retransmits":	0,
				"omitted":	false,
				"sender":	true
			}
		}, {
			"streams":	[{
					"socket":	5,
					"start":	2.000149,
					"end":	3.00108,
					"seconds":	1.0009310245513916,
					"bytes":	0,
					"bits_per_second":	0,
					"retransmits":	0,
					"snd_cwnd":	28960,
					"rtt":	271324,
					"rttvar":	246,
					"pmtu":	1500,
					"omitted":	false,
					"sender":	true
				}],
			"sum":	{
				"start":	2.000149,
				"end":	3.00108,
				"seconds":	1.0009310245513916,
				"bytes":	0,
				"bits_per_second":	0,
				"retransmits":	0,
				"omitted":	false,
				"sender":	true
			}
		}, {
			"streams":	[{
					"socket":	5,
					"start":	3.00108,
					"end":	4.000614,
					"seconds":	0.999534010887146,
					"bytes":	124528,
					"bits_per_second":	996688.445964727,
					"retransmits":	0,
					"snd_cwnd":	28960,
					"rtt":	271619,
					"rttvar":	238,
					"pmtu":	1500,
					"omitted":	false,
					"sender":	true
				}],
			"sum":	{
				"start":	3.00108,
				"end":	4.000614,
				"seconds":	0.999534010887146,
				"bytes":	124528,
				"bits_per_second":	996688.445964727,
				"retransmits":	0,
				"omitted":	false,
				"sender":	true
			}
		}, {
			"streams":	[{
					"socket":	5,
					"start":	4.000614,
					"end":	5.000424,
					"seconds":	0.999809980392456,
					"bytes":	124528,
					"bits_per_second":	996413.338071452,
					"retransmits":	0,
					"snd_cwnd":	31856,
					"rtt":	273766,
					"rttvar":	1931,
					"pmtu":	1500,
					"omitted":	false,
					"sender":	true
				}],
			"sum":	{
				"start":	4.000614,
				"end":	5.000424,
				"seconds":	0.999809980392456,
				"bytes":	124528,
				"bits_per_second":	996413.338071452,
				"retransmits":	0,
				"omitted":	false,
				"sender":	true
			}
		}, {
			"streams":	[{
					"socket":	5,
					"start":	5.000424,
					"end":	6.000237,
					"seconds":	0.9998130202293396,
					"bytes":	249056,
					"bits_per_second":	1992820.6171419604,
					"retransmits":	0,
					"snd_cwnd":	37648,
					"rtt":	271583,
					"rttvar":	184,
					"pmtu":	1500,
					"omitted":	false,
					"sender":	true
				}],
			"sum":	{
				"start":	5.000424,
				"end":	6.000237,
				"seconds":	0.9998130202293396,
				"bytes":	249056,
				"bits_per_second":	1992820.6171419604,
				"retransmits":	0,
				"omitted":	false,
				"sender":	true
			}
		}, {
			"streams":	[{
					"socket":	5,
					"start":	6.000237,
					"end":	7.000305,
					"seconds":	1.0000679492950439,
					"bytes":	124528,
					"bits_per_second":	996156.311880854,
					"retransmits":	0,
					"snd_cwnd":	53576,
					"rtt":	272174,
					"rttvar":	163,
					"pmtu":	1500,
					"omitted":	false,
					"sender":	true
				}],
			"sum":	{
				"start":	6.000237,
				"end":	7.000305,
				"seconds":	1.0000679492950439,
				"bytes":	124528,
				"bits_per_second":	996156.311880854,
				"retransmits":	0,
				"omitted":	false,
				"sender":	true
			}
		}, {
			"streams":	[{
					"socket":	5,
					"start":	7.000305,
					"end":	8.000238,
					"seconds":	0.99993300437927246,
					"bytes":	498112,
					"bits_per_second":	3985162.9884681129,
					"retransmits":	0,
					"snd_cwnd":	85432,
					"rtt":	271623,
					"rttvar":	185,
					"pmtu":	1500,
					"omitted":	false,
					"sender":	true
				}],
			"sum":	{
				"start":	7.000305,
				"end":	8.000238,
				"seconds":	0.99993300437927246,
				"bytes":	498112,
				"bits_per_second":	3985162.9884681129,
				"retransmits":	0,
				"omitted":	false,
				"sender":	true
			}
		}, {
			"streams":	[{
					"socket":	5,
					"start":	8.000238,
					"end":	9.000164,
					"seconds":	0.999925971031189,
					"bytes":	560376,
					"bits_per_second":	4483339.8970294064,
					"retransmits":	0,
					"snd_cwnd":	124528,
					"rtt":	271947,
					"rttvar":	402,
					"pmtu":	1500,
					"omitted":	false,
					"sender":	true
				}],
			"sum":	{
				"start":	8.000238,
				"end":	9.000164,
				"seconds":	0.999925971031189,
				"bytes":	560376,
				"bits_per_second":	4483339.8970294064,
				"retransmits":	0,
				"omitted":	false,
				"sender":	true
			}
		}, {
			"streams":	[{
					"socket":	5,
					"start":	9.000164,
					"end":	10.000293,
					"seconds":	1.0001289844512939,
					"bytes":	684904,
					"bits_per_second":	5478525.3554131323,
					"retransmits":	0,
					"snd_cwnd":	186792,
					"rtt":	271781,
					"rttvar":	249,
					"pmtu":	1500,
					"omitted":	false,
					"sender":	true
				}],
			"sum":	{
				"start":	9.000164,
				"end":	10.000293,
				"seconds":	1.0001289844512939,
				"bytes":	684904,
				"bits_per_second":	5478525.3554131323,
				"retransmits":	0,
				"omitted":	false,
				"sender":	true
			}
		}],
	"end":	{
		"streams":	[{
				"sender":	{
					"socket":	5,
					"start":	0,
					"end":	10.000293,
					"seconds":	10.000293,
					"bytes":	2690384,
					"bits_per_second":	2152244.13924672,
					"retransmits":	2,
					"max_snd_cwnd":	186792,
					"max_rtt":	273766,
					"min_rtt":	271324,
					"mean_rtt":	272176,
					"sender":	true
				},
				"receiver":	{
					"socket":	5,
					"start":	0,
					"end":	10.283408,
					"seconds":	10.000293,
					"bytes":	2028648,
					"bits_per_second":	1578191.1988710358,
					"sender":	true
				}
			}],
		"sum_sent":	{
			"start":	0,
			"end":	10.000293,
			"seconds":	10.000293,
			"bytes":	2690384,
			"bits_per_second":	2152244.13924672,
			"retransmits":	2,
			"sender":	true
		},
		"sum_received":	{
			"start":	0,
			"end":	10.283408,
			"seconds":	10.283408,
			"bytes":	2028648,
			"bits_per_second":	1578191.1988710358,
			"sender":	true
		},
		"cpu_utilization_percent":	{
			"host_total":	4.8963698546189951,
			"host_user":	1.9487114572316606,
			"host_system":	2.9476234294363355,
			"remote_total":	0.00606671260005937,
			"remote_user":	0.0037233781633832412,
			"remote_system":	0.0023436228470683361
		},
		"sender_tcp_congestion":	"cubic",
		"receiver_tcp_congestion":	"cubic"
	}
}
