{
	"start":	{
		"connected":	[{
				"socket":	5,
				"local_host":	"172.26.184.25",
				"local_port":	38058,
				"remote_host":	"188.166.241.168",
				"remote_port":	5205
			}],
		"version":	"iperf 3.9",
		"system_info":	"Linux A-Tower 5.15.90.1-microsoft-standard-WSL2 #1 SMP Fri Jan 27 02:56:13 UTC 2023 x86_64",
		"timestamp":	{
			"time":	"Mon, 02 Oct 2023 02:59:23 GMT",
			"timesecs":	1696215563
		},
		"connecting_to":	{
			"host":	"sgp1.iperf.comnet-student.eu",
			"port":	5205
		},
		"cookie":	"3vzwnmhqjgetp3ojgfrrtcztodeaqezn2je5",
		"tcp_mss_default":	1448,
		"sock_bufsize":	0,
		"sndbuf_actual":	16384,
		"rcvbuf_actual":	131072,
		"test_start":	{
			"protocol":	"TCP",
			"num_streams":	1,
			"blksize":	131072,
			"omit":	0,
			"duration":	10,
			"bytes":	0,
			"blocks":	0,
			"reverse":	0,
			"tos":	0
		}
	},
	"intervals":	[{
			"streams":	[{
					"socket":	5,
					"start":	0,
					"end":	1.00034,
					"seconds":	1.0003399848937988,
					"bytes":	263536,
					"bits_per_second":	2107571.4575418341,
					"retransmits":	0,
					"snd_cwnd":	57920,
					"rtt":	284571,
					"rttvar":	10943,
					"pmtu":	1500,
					"omitted":	false,
					"sender":	true
				}],
			"sum":	{
				"start":	0,
				"end":	1.00034,
				"seconds":	1.0003399848937988,
				"bytes":	263536,
				"bits_per_second":	2107571.4575418341,
				"retransmits":	0,
				"omitted":	false,
				"sender":	true
			}
		}, {
			"streams":	[{
					"socket":	5,
					"start":	1.00034,
					"end":	2.000327,
					"seconds":	0.999987006187439,
					"bytes":	3641720,
					"bits_per_second":	29134138.563535623,
					"retransmits":	35,
					"snd_cwnd":	131768,
					"rtt":	278504,
					"rttvar":	124,
					"pmtu":	1500,
					"omitted":	false,
					"sender":	true
				}],
			"sum":	{
				"start":	1.00034,
				"end":	2.000327,
				"seconds":	0.999987006187439,
				"bytes":	3641720,
				"bits_per_second":	29134138.563535623,
				"retransmits":	35,
				"omitted":	false,
				"sender":	true
			}
		}, {
			"streams":	[{
					"socket":	5,
					"start":	2.000327,
					"end":	3.001217,
					"seconds":	1.0008900165557861,
					"bytes":	0,
					"bits_per_second":	0,
					"retransmits":	104,
					"snd_cwnd":	257744,
					"rtt":	281158,
					"rttvar":	828,
					"pmtu":	1500,
					"omitted":	false,
					"sender":	true
				}],
			"sum":	{
				"start":	2.000327,
				"end":	3.001217,
				"seconds":	1.0008900165557861,
				"bytes":	0,
				"bits_per_second":	0,
				"retransmits":	104,
				"omitted":	false,
				"sender":	true
			}
		}, {
			"streams":	[{
					"socket":	5,
					"start":	3.001217,
					"end":	4.000285,
					"seconds":	0.999068021774292,
					"bytes":	2621440,
					"bits_per_second":	20991083.232506722,
					"retransmits":	60,
					"snd_cwnd":	263536,
					"rtt":	279549,
					"rttvar":	742,
					"pmtu":	1500,
					"omitted":	false,
					"sender":	true
				}],
			"sum":	{
				"start":	3.001217,
				"end":	4.000285,
				"seconds":	0.999068021774292,
				"bytes":	2621440,
				"bits_per_second":	20991083.232506722,
				"retransmits":	60,
				"omitted":	false,
				"sender":	true
			}
		}, {
			"streams":	[{
					"socket":	5,
					"start":	4.000285,
					"end":	5.00113,
					"seconds":	1.0008449554443359,
					"bytes":	0,
					"bits_per_second":	0,
					"retransmits":	0,
					"snd_cwnd":	285256,
					"rtt":	282304,
					"rttvar":	7694,
					"pmtu":	1500,
					"omitted":	false,
					"sender":	true
				}],
			"sum":	{
				"start":	4.000285,
				"end":	5.00113,
				"seconds":	1.0008449554443359,
				"bytes":	0,
				"bits_per_second":	0,
				"retransmits":	0,
				"omitted":	false,
				"sender":	true
			}
		}, {
			"streams":	[{
					"socket":	5,
					"start":	5.00113,
					"end":	6.000833,
					"seconds":	0.99970299005508423,
					"bytes":	1310720,
					"bits_per_second":	10488875.300275164,
					"retransmits":	1,
					"snd_cwnd":	217200,
					"rtt":	278524,
					"rttvar":	366,
					"pmtu":	1500,
					"omitted":	false,
					"sender":	true
				}],
			"sum":	{
				"start":	5.00113,
				"end":	6.000833,
				"seconds":	0.99970299005508423,
				"bytes":	1310720,
				"bits_per_second":	10488875.300275164,
				"retransmits":	1,
				"omitted":	false,
				"sender":	true
			}
		}, {
			"streams":	[{
					"socket":	5,
					"start":	6.000833,
					"end":	7.000971,
					"seconds":	1.0001380443573,
					"bytes":	0,
					"bits_per_second":	0,
					"retransmits":	0,
					"snd_cwnd":	233128,
					"rtt":	278090,
					"rttvar":	485,
					"pmtu":	1500,
					"omitted":	false,
					"sender":	true
				}],
			"sum":	{
				"start":	6.000833,
				"end":	7.000971,
				"seconds":	1.0001380443573,
				"bytes":	0,
				"bits_per_second":	0,
				"retransmits":	0,
				"omitted":	false,
				"sender":	true
			}
		}, {
			"streams":	[{
					"socket":	5,
					"start":	7.000971,
					"end":	8.00117,
					"seconds":	1.00019896030426,
					"bytes":	1310720,
					"bits_per_second":	10483674.164998367,
					"retransmits":	0,
					"snd_cwnd":	240368,
					"rtt":	278124,
					"rttvar":	310,
					"pmtu":	1500,
					"omitted":	false,
					"sender":	true
				}],
			"sum":	{
				"start":	7.000971,
				"end":	8.00117,
				"seconds":	1.00019896030426,
				"bytes":	1310720,
				"bits_per_second":	10483674.164998367,
				"retransmits":	0,
				"omitted":	false,
				"sender":	true
			}
		}, {
			"streams":	[{
					"socket":	5,
					"start":	8.00117,
					"end":	9.000489,
					"seconds":	0.999319016933441,
					"bytes":	1310720,
					"bits_per_second":	10492905.490958344,
					"retransmits":	0,
					"snd_cwnd":	241816,
					"rtt":	278004,
					"rttvar":	351,
					"pmtu":	1500,
					"omitted":	false,
					"sender":	true
				}],
			"sum":	{
				"start":	8.00117,
				"end":	9.000489,
				"seconds":	0.999319016933441,
				"bytes":	1310720,
				"bits_per_second":	10492905.490958344,
				"retransmits":	0,
				"omitted":	false,
				"sender":	true
			}
		}, {
			"streams":	[{
					"socket":	5,
					"start":	9.000489,
					"end":	10.001214,
					"seconds":	1.0007250308990479,
					"bytes":	0,
					"bits_per_second":	0,
					"retransmits":	0,
					"snd_cwnd":	241816,
					"rtt":	282035,
					"rttvar":	8209,
					"pmtu":	1500,
					"omitted":	false,
					"sender":	true
				}],
			"sum":	{
				"start":	9.000489,
				"end":	10.001214,
				"seconds":	1.0007250308990479,
				"bytes":	0,
				"bits_per_second":	0,
				"retransmits":	0,
				"omitted":	false,
				"sender":	true
			}
		}],
	"end":	{
		"streams":	[{
				"sender":	{
					"socket":	5,
					"start":	0,
					"end":	10.001214,
					"seconds":	10.001214,
					"bytes":	10458856,
					"bits_per_second":	8366069.1592040733,
					"retransmits":	200,
					"max_snd_cwnd":	285256,
					"max_rtt":	284571,
					"min_rtt":	278004,
					"mean_rtt":	280086,
					"sender":	true
				},
				"receiver":	{
					"socket":	5,
					"start":	0,
					"end":	10.278988,
					"seconds":	10.001214,
					"bytes":	7887256,
					"bits_per_second":	6138546.71296435,
					"sender":	true
				}
			}],
		"sum_sent":	{
			"start":	0,
			"end":	10.001214,
			"seconds":	10.001214,
			"bytes":	10458856,
			"bits_per_second":	8366069.1592040733,
			"retransmits":	200,
			"sender":	true
		},
		"sum_received":	{
			"start":	0,
			"end":	10.278988,
			"seconds":	10.278988,
			"bytes":	7887256,
			"bits_per_second":	6138546.71296435,
			"sender":	true
		},
		"cpu_utilization_percent":	{
			"host_total":	4.9189689533571,
			"host_user":	2.076709804507995,
			"host_system":	2.8412453266950122,
			"remote_total":	0.0075605823277061,
			"remote_user":	0.0012362273513091004,
			"remote_system":	0.0063244613002424723
		},
		"sender_tcp_congestion":	"cubic",
		"receiver_tcp_congestion":	"cubic"
	}
}
