{
	"start":	{
		"connected":	[{
				"socket":	5,
				"local_host":	"172.26.184.25",
				"local_port":	48088,
				"remote_host":	"188.166.241.168",
				"remote_port":	5204
			}],
		"version":	"iperf 3.9",
		"system_info":	"Linux A-Tower 5.15.90.1-microsoft-standard-WSL2 #1 SMP Fri Jan 27 02:56:13 UTC 2023 x86_64",
		"timestamp":	{
			"time":	"Sun, 01 Oct 2023 18:59:35 GMT",
			"timesecs":	1696186775
		},
		"connecting_to":	{
			"host":	"sgp1.iperf.comnet-student.eu",
			"port":	5204
		},
		"cookie":	"l3tohht2xq7tojqf6tkcpevjfqh53s6hjfjg",
		"tcp_mss_default":	1448,
		"sock_bufsize":	0,
		"sndbuf_actual":	16384,
		"rcvbuf_actual":	131072,
		"test_start":	{
			"protocol":	"TCP",
			"num_streams":	1,
			"blksize":	131072,
			"omit":	0,
			"duration":	10,
			"bytes":	0,
			"blocks":	0,
			"reverse":	1,
			"tos":	0
		}
	},
	"intervals":	[{
			"streams":	[{
					"socket":	5,
					"start":	0,
					"end":	1.000365,
					"seconds":	1.0003650188446045,
					"bytes":	124320,
					"bits_per_second":	994197.09932349576,
					"omitted":	false,
					"sender":	false
				}],
			"sum":	{
				"start":	0,
				"end":	1.000365,
				"seconds":	1.0003650188446045,
				"bytes":	124320,
				"bits_per_second":	994197.09932349576,
				"omitted":	false,
				"sender":	false
			}
		}, {
			"streams":	[{
					"socket":	5,
					"start":	1.000365,
					"end":	2.000208,
					"seconds":	0.99984300136566162,
					"bytes":	1594456,
					"bits_per_second":	12757650.933773968,
					"omitted":	false,
					"sender":	false
				}],
			"sum":	{
				"start":	1.000365,
				"end":	2.000208,
				"seconds":	0.99984300136566162,
				"bytes":	1594456,
				"bits_per_second":	12757650.933773968,
				"omitted":	false,
				"sender":	false
			}
		}, {
			"streams":	[{
					"socket":	5,
					"start":	2.000208,
					"end":	3.001012,
					"seconds":	1.0008039474487305,
					"bytes":	1210528,
					"bits_per_second":	9676444.64701325,
					"omitted":	false,
					"sender":	false
				}],
			"sum":	{
				"start":	2.000208,
				"end":	3.001012,
				"seconds":	1.0008039474487305,
				"bytes":	1210528,
				"bits_per_second":	9676444.64701325,
				"omitted":	false,
				"sender":	false
			}
		}, {
			"streams":	[{
					"socket":	5,
					"start":	3.001012,
					"end":	4.000401,
					"seconds":	0.99938899278640747,
					"bytes":	6631840,
					"bits_per_second":	53087156.6356535,
					"omitted":	false,
					"sender":	false
				}],
			"sum":	{
				"start":	3.001012,
				"end":	4.000401,
				"seconds":	0.99938899278640747,
				"bytes":	6631840,
				"bits_per_second":	53087156.6356535,
				"omitted":	false,
				"sender":	false
			}
		}, {
			"streams":	[{
					"socket":	5,
					"start":	4.000401,
					"end":	5.000189,
					"seconds":	0.999787986278534,
					"bytes":	4404816,
					"bits_per_second":	35246000.635761581,
					"omitted":	false,
					"sender":	false
				}],
			"sum":	{
				"start":	4.000401,
				"end":	5.000189,
				"seconds":	0.999787986278534,
				"bytes":	4404816,
				"bits_per_second":	35246000.635761581,
				"omitted":	false,
				"sender":	false
			}
		}, {
			"streams":	[{
					"socket":	5,
					"start":	5.000189,
					"end":	6.000316,
					"seconds":	1.0001269578933716,
					"bytes":	3708328,
					"bits_per_second":	29662858.066028558,
					"omitted":	false,
					"sender":	false
				}],
			"sum":	{
				"start":	5.000189,
				"end":	6.000316,
				"seconds":	1.0001269578933716,
				"bytes":	3708328,
				"bits_per_second":	29662858.066028558,
				"omitted":	false,
				"sender":	false
			}
		}, {
			"streams":	[{
					"socket":	5,
					"start":	6.000316,
					"end":	7.000322,
					"seconds":	1.0000059604644775,
					"bytes":	4730616,
					"bits_per_second":	37844702.427995518,
					"omitted":	false,
					"sender":	false
				}],
			"sum":	{
				"start":	6.000316,
				"end":	7.000322,
				"seconds":	1.0000059604644775,
				"bytes":	4730616,
				"bits_per_second":	37844702.427995518,
				"omitted":	false,
				"sender":	false
			}
		}, {
			"streams":	[{
					"socket":	5,
					"start":	7.000322,
					"end":	8.000239,
					"seconds":	0.999916970729828,
					"bytes":	4045712,
					"bits_per_second":	32368383.523260586,
					"omitted":	false,
					"sender":	false
				}],
			"sum":	{
				"start":	7.000322,
				"end":	8.000239,
				"seconds":	0.999916970729828,
				"bytes":	4045712,
				"bits_per_second":	32368383.523260586,
				"omitted":	false,
				"sender":	false
			}
		}, {
			"streams":	[{
					"socket":	5,
					"start":	8.000239,
					"end":	9.00026,
					"seconds":	1.0000209808349609,
					"bytes":	4561200,
					"bits_per_second":	36488834.433786824,
					"omitted":	false,
					"sender":	false
				}],
			"sum":	{
				"start":	8.000239,
				"end":	9.00026,
				"seconds":	1.0000209808349609,
				"bytes":	4561200,
				"bits_per_second":	36488834.433786824,
				"omitted":	false,
				"sender":	false
			}
		}, {
			"streams":	[{
					"socket":	5,
					"start":	9.00026,
					"end":	10.000229,
					"seconds":	0.9999690055847168,
					"bytes":	4565544,
					"bits_per_second":	36525484.086022183,
					"omitted":	false,
					"sender":	false
				}],
			"sum":	{
				"start":	9.00026,
				"end":	10.000229,
				"seconds":	0.9999690055847168,
				"bytes":	4565544,
				"bits_per_second":	36525484.086022183,
				"omitted":	false,
				"sender":	false
			}
		}],
	"end":	{
		"streams":	[{
				"sender":	{
					"socket":	5,
					"start":	0,
					"end":	10.280647,
					"seconds":	10.280647,
					"bytes":	38692048,
					"bits_per_second":	30108648.220291972,
					"retransmits":	957,
					"max_snd_cwnd":	0,
					"max_rtt":	0,
					"min_rtt":	0,
					"mean_rtt":	0,
					"sender":	false
				},
				"receiver":	{
					"socket":	5,
					"start":	0,
					"end":	10.000229,
					"seconds":	10.000229,
					"bytes":	35577360,
					"bits_per_second":	28461236.237690158,
					"sender":	false
				}
			}],
		"sum_sent":	{
			"start":	0,
			"end":	10.280647,
			"seconds":	10.280647,
			"bytes":	38692048,
			"bits_per_second":	30108648.220291972,
			"retransmits":	957,
			"sender":	false
		},
		"sum_received":	{
			"start":	0,
			"end":	10.000229,
			"seconds":	10.000229,
			"bytes":	35577360,
			"bits_per_second":	28461236.237690158,
			"sender":	false
		},
		"cpu_utilization_percent":	{
			"host_total":	3.1684813476996943,
			"host_user":	0.852402289813631,
			"host_system":	2.3160703144017076,
			"remote_total":	0.00070565149156042936,
			"remote_user":	0.00014861853287331187,
			"remote_system":	0.00055755393975584846
		},
		"sender_tcp_congestion":	"cubic",
		"receiver_tcp_congestion":	"cubic"
	}
}
