Date,Price (USD)
02/13/2024,49406.6
02/12/2024,49924.4
02/11/2024,48122.6
02/10/2024,48364.5
02/09/2024,47290.7
02/08/2024,45930.2
02/07/2024,44507.2
02/06/2024,42924.3
02/05/2024,42802.5
02/04/2024,42743.1
02/03/2024,42940.5
02/02/2024,43195.7
02/01/2024,42953.8
01/31/2024,42086.9
01/30/2024,42942.2
01/29/2024,43433.8
01/28/2024,42249
01/27/2024,42494.6
01/26/2024,41845.2
01/25/2024,40146
01/24/2024,39941.5
01/23/2024,39675.8
01/22/2024,40090.1
01/21/2024,41709.5
01/20/2024,41680.9
01/19/2024,41615.3
01/18/2024,41123.8
01/17/2024,42641.9
01/16/2024,42875
01/15/2024,42766
01/14/2024,42553.6
01/13/2024,42603.2
01/12/2024,42817.9
01/11/2024,45949.7
01/10/2024,46415.1
01/09/2024,46156.3
01/08/2024,46805.5
01/07/2024,43547.8
01/06/2024,44000
01/05/2024,43895.2
01/04/2024,43578.6
01/03/2024,43186
01/02/2024,45164.4
01/01/2024,45225
12/31/2023,42339.1
12/30/2023,42204.4
12/29/2023,42023
12/28/2023,42650.4
12/27/2023,43378.1
12/26/2023,42275.7
12/25/2023,43461.6
12/24/2023,43113.2
12/23/2023,43805.1
12/22/2023,43490.1
12/21/2023,44133.1
12/20/2023,43628
12/19/2023,42697.7
12/18/2023,42910.9
12/17/2023,41189.4
12/16/2023,42006.5
12/15/2023,42255.8
12/14/2023,42784.9
12/13/2023,42721.6
12/12/2023,40901.2
12/11/2023,41527.1
12/10/2023,42083.5
12/09/2023,43937.9
12/08/2023,44240.1
12/07/2023,43471.5
12/06/2023,43980.5
12/05/2023,41613.1
12/04/2023,41763
12/03/2023,40842.5
12/02/2023,39602.3
12/01/2023,38756.3
11/30/2023,38192.8
11/29/2023,37969.5
11/28/2023,37903.9
11/27/2023,37001.8
11/26/2023,37372.9
11/25/2023,37752.7
11/24/2023,37769.4
11/23/2023,37339.9
11/22/2023,37372.8
11/21/2023,36441.6
11/20/2023,37424.9
11/19/2023,37214.6
11/18/2023,36528
11/17/2023,36403.6
11/16/2023,36421.4
11/15/2023,37459.3
11/14/2023,35529.3
11/13/2023,36520.2
11/12/2023,36900.3
11/11/2023,36961.7
11/10/2023,37044.2
11/09/2023,36746.1
11/08/2023,36755.4
11/07/2023,35341
11/06/2023,34910.3
11/05/2023,34864.4
11/04/2023,35153.1
11/03/2023,34722.4
11/02/2023,34693.2
11/01/2023,35611.7
10/31/2023,34443
10/30/2023,34234.5
10/29/2023,34282.1
10/28/2023,34001.6
10/27/2023,34072.8
10/26/2023,34097.9
10/25/2023,34760.2
10/24/2023,33997.5
10/23/2023,34398.3
10/22/2023,30601
10/21/2023,29895.3
10/20/2023,29605.2
10/19/2023,29168.2
10/18/2023,28260
10/17/2023,28493.3
10/16/2023,28275.6
10/15/2023,27231.4
10/14/2023,26890.2
10/13/2023,26931.2
10/12/2023,26779.1
10/11/2023,26842
10/10/2023,27019.2
10/09/2023,27641.2
10/08/2023,27941.9
10/07/2023,28078.4
10/06/2023,27915.5
10/05/2023,27568.5
10/04/2023,27663.4
10/03/2023,27428.8
10/02/2023,27592.1
10/01/2023,28054.8
09/30/2023,27033.1
09/29/2023,26903.8
09/28/2023,26950.7
09/27/2023,26364
09/26/2023,26270.3
09/25/2023,26367.8
09/24/2023,26170.2
09/23/2023,26585.7
09/22/2023,26538.8
09/21/2023,26620.6
09/20/2023,27016.4
09/19/2023,27097.5
09/18/2023,26826.3
09/17/2023,26667.4
09/16/2023,26523.4
09/15/2023,26630.2
09/14/2023,26587.4
09/13/2023,26258.7
09/12/2023,25849.5
09/11/2023,25774.7
09/10/2023,25738.8
09/09/2023,25871.7
09/08/2023,25872.2
09/07/2023,26269.7
09/06/2023,25826.4
09/05/2023,25785.9
09/04/2023,25664.5
09/03/2023,26012.1
09/02/2023,25860.3
09/01/2023,25793.2
08/31/2023,26090.2
08/30/2023,27203.9
08/29/2023,27400.6
08/28/2023,26082.4
08/27/2023,26020.8
08/26/2023,26017.9
08/25/2023,26088.4
08/24/2023,26094.8
08/23/2023,26432.2
08/22/2023,26003.7
08/21/2023,26043.9
08/20/2023,26086.1
08/19/2023,26119.8
08/18/2023,25946.6
08/17/2023,26364.8
08/16/2023,28678.3
08/15/2023,29235.8
08/14/2023,29371.5
08/13/2023,29371.2
08/12/2023,29410.7
08/11/2023,29376.5
08/10/2023,29384.5
08/09/2023,29579.8
08/08/2023,29706.4
08/07/2023,29199.3
08/06/2023,29152.3
08/05/2023,29056.4
08/04/2023,29085.5
08/03/2023,29142.2
08/02/2023,29155.2
08/01/2023,29671.7
07/31/2023,28847.9
07/30/2023,29437.3
07/29/2023,29382.4
07/28/2023,29371.9
07/27/2023,29215.2
07/26/2023,29436.8
07/25/2023,29250.5
07/24/2023,29116.7
07/23/2023,29699
07/22/2023,29854.3
07/21/2023,29926
07/20/2023,29910.6
07/19/2023,29943.2
07/18/2023,30070.6
07/17/2023,30087.2
07/16/2023,30306.6
07/15/2023,30225.8
07/14/2023,30323.5
07/13/2023,31425.4
07/12/2023,30285.9
07/11/2023,30595.4
07/10/2023,30466.5
07/09/2023,30179.2
07/08/2023,30312.4
07/07/2023,30281
07/06/2023,30114
07/05/2023,30502.8
07/04/2023,30849.8
07/03/2023,31241.8
07/02/2023,30779.8
07/01/2023,30505
06/30/2023,30393.8
06/29/2023,30722.2
06/28/2023,30151.9
06/27/2023,30460.8
06/26/2023,30370.1
06/25/2023,30285.5
06/24/2023,30768
06/23/2023,30742.5
06/22/2023,30013.6
06/21/2023,30299.3
06/20/2023,28724.6
06/19/2023,26915.9
06/18/2023,26411.3
06/17/2023,26539.8
06/16/2023,26262.8
06/15/2023,25564.2
06/14/2023,25083.1
06/13/2023,25982.2
06/12/2023,26083.8
06/11/2023,25796.6
06/10/2023,25742.6
06/09/2023,26336.1
06/08/2023,26495.3
06/07/2023,26298.4
06/06/2023,26892.5
06/05/2023,25729.8
06/04/2023,26859.9
06/03/2023,27062.6
06/02/2023,27141.6
06/01/2023,26943.2
05/31/2023,26777.9
05/30/2023,27689.8
05/29/2023,27830.7
05/28/2023,28060.6
05/27/2023,27161.9
05/26/2023,26765.4
05/25/2023,26438
05/24/2023,26192.6
05/23/2023,26759.1
05/22/2023,27381.4
05/21/2023,26650.7
05/20/2023,27193
05/19/2023,26867.4
05/18/2023,26839.2
05/17/2023,27358.6
05/16/2023,27102.3
05/15/2023,27115.5
05/14/2023,27232.4
05/13/2023,26845.8
05/12/2023,26823.7
05/11/2023,26615
05/10/2023,27451.8
05/09/2023,27692.2
05/08/2023,27592.7
05/07/2023,28184
05/06/2023,28811.3
05/05/2023,29357.6
05/04/2023,29179.9
05/03/2023,29027.6
05/02/2023,28536.4
05/01/2023,28020.7
04/30/2023,28560.9
04/29/2023,29193.7
04/28/2023,29367.8
04/27/2023,29405
04/26/2023,29030
04/25/2023,28336.5
04/24/2023,27344.5
04/23/2023,27746.2
04/22/2023,27556.2
04/21/2023,27334
04/20/2023,28304.8
04/19/2023,28846.4
04/18/2023,30207.2
04/17/2023,29477.7
04/16/2023,29983.4
04/15/2023,30260.9
04/14/2023,30390
04/13/2023,30706.5
04/12/2023,30068.5
04/11/2023,29921.3
04/10/2023,30081.8
04/09/2023,28285.6
04/08/2023,28044.8
04/07/2023,28013.4
04/06/2023,28044.7
04/05/2023,28074
04/04/2023,28525.8
04/03/2023,27878.4
04/02/2023,27762.7
04/01/2023,28466.3
03/31/2023,28562
03/30/2023,28169.1
03/29/2023,28541.6
03/28/2023,27351.2
03/27/2023,26976.7
03/26/2023,27914.5
03/25/2023,27515.1
03/24/2023,27575
03/23/2023,28229.5
03/22/2023,27367.1
03/21/2023,28174.3
03/20/2023,27762.7
03/19/2023,27191.3
03/18/2023,27172.8
03/17/2023,27332.1
03/16/2023,25681.5
03/15/2023,24249
03/14/2023,24727.5
03/13/2023,24361.2
03/12/2023,22234.7
03/11/2023,20391.8
03/10/2023,20345.9
03/09/2023,19904.6
03/08/2023,21737.3
03/07/2023,22128.8
03/06/2023,22464.8
03/05/2023,22344.1
03/04/2023,22439.3
03/03/2023,22328.5
03/02/2023,22352.6
03/01/2023,23515.4
02/28/2023,23801.1
02/27/2023,23408.4
02/26/2023,23474.6
02/25/2023,23172
02/24/2023,23107.5
02/23/2023,23980
02/22/2023,24455.8
02/21/2023,24137.2
02/20/2023,24877.8
02/19/2023,24461.5
02/18/2023,24690.9
02/17/2023,24635.8
02/16/2023,23765.6
02/15/2023,22112
02/14/2023,22111.1
02/13/2023,21716
02/12/2023,21831.9
02/11/2023,21767.7
02/10/2023,21682.7
02/09/2023,21801.7
02/08/2023,22574.3
02/07/2023,23246.1
02/06/2023,22872.6
02/05/2023,23385.6
02/04/2023,23360.1
02/03/2023,23334.3
02/02/2023,23525.8
02/01/2023,23905.7
01/31/2023,23128.5
01/30/2023,22842.7
01/29/2023,23338.2
01/28/2023,23127.8
01/27/2023,23096.9
01/26/2023,22819.3
01/25/2023,23174.5
01/24/2023,22652.7
01/23/2023,23087.1
01/22/2023,22744
01/21/2023,22840.4
01/20/2023,22614.6
01/19/2023,21053
01/18/2023,20813.9
01/17/2023,21286.3
01/16/2023,21157.3
01/15/2023,21147.6
01/14/2023,20686.5
01/13/2023,20913.7
01/12/2023,18853.9
01/11/2023,18220.2
01/10/2023,17410.7
01/09/2023,17216.1
01/08/2023,17234.3
01/07/2023,16936.1
01/06/2023,16942.6
01/05/2023,16818.3
01/04/2023,16836.8
01/03/2023,16875
01/02/2023,16685.2
01/01/2023,16638.3
12/31/2022,16520.3
12/30/2022,16544.8
12/29/2022,16607.5
12/28/2022,16571.1
12/27/2022,16661.8
12/26/2022,16884.8
12/25/2022,16876.3
12/24/2022,16819.6
12/23/2022,16830.6
12/22/2022,16830
12/21/2022,16849.6
12/20/2022,16810.9
12/19/2022,16790.3
12/18/2022,16728.7
12/17/2022,16764.3
12/16/2022,16715.5
12/15/2022,17403
12/14/2022,17693.6
12/13/2022,17762.1
12/12/2022,17163.6
12/11/2022,16927.6
12/10/2022,17170.7
12/09/2022,17156.1
12/08/2022,17193.2
12/07/2022,16823
12/06/2022,17020.4
12/05/2022,17010.7
12/04/2022,17255
12/03/2022,17014
12/02/2022,17013.2
12/01/2022,16923.6
11/30/2022,17140.9
11/29/2022,16847
11/28/2022,16462.9
11/27/2022,16194.2
11/26/2022,16556.4
11/25/2022,16627.1
11/24/2022,16399.2
11/23/2022,16695.9
11/22/2022,16508.8
11/21/2022,15836.8
11/20/2022,16711.8
11/18/2022,16633.8
11/17/2022,16691.2
11/16/2022,16533.1
11/15/2022,16916.5
11/14/2022,16767.9
11/13/2022,15943.1
11/12/2022,16881.3
11/11/2022,16789.3
11/10/2022,17046.5
11/09/2022,16396.8
11/08/2022,18234.1
11/07/2022,19676.9
11/06/2022,20887
11/05/2022,21242.5
11/04/2022,21404.1
11/03/2022,20319.9
11/02/2022,20310.6
11/01/2022,20535.6
10/31/2022,20487
10/30/2022,20515.2
10/29/2022,20777
10/28/2022,20749.1
10/27/2022,20259.2
10/26/2022,20742.9
10/25/2022,20269.4
10/24/2022,19343.9
10/23/2022,19393
10/22/2022,19198
10/21/2022,19135.2
10/20/2022,19054.3
10/19/2022,19039.8
10/18/2022,19291.4
10/17/2022,19555.5
10/16/2022,19197.8
10/15/2022,19123.9
10/14/2022,19209.2
10/13/2022,19825.5
10/12/2022,19099.7
10/11/2022,19052.6
10/10/2022,19049.5
10/09/2022,19448.4
10/08/2022,19344.1
10/07/2022,19539.7
10/06/2022,19998.9
10/05/2022,20331.7
10/04/2022,20199.9
10/03/2022,19581.2
10/02/2022,19179.2
10/01/2022,19309.4
09/30/2022,19402.5
09/29/2022,19343.9
09/28/2022,19528.7
09/27/2022,18692
09/26/2022,20119.9
09/25/2022,18866.5
09/24/2022,19042.9
09/23/2022,19098.5
09/22/2022,19408.3
09/21/2022,18703.8
09/20/2022,19013.7
09/19/2022,19356.8
09/18/2022,18806.8
09/17/2022,19956.2
09/16/2022,19893.1
09/15/2022,19737.5
09/14/2022,20025.5
09/13/2022,20351.8
09/12/2022,22218.7
09/11/2022,21612.1
09/10/2022,21518.5
09/09/2022,21317.8
09/08/2022,19838.5
09/07/2022,19228.4
09/06/2022,18722.1
09/05/2022,19761.9
09/04/2022,19896.2
09/03/2022,19761.7
09/02/2022,19902.8
09/01/2022,20183.9
08/31/2022,20007.8
08/30/2022,20389.3
08/29/2022,20257.7
08/28/2022,19844.7
08/27/2022,19999.1
08/26/2022,20238.9
08/25/2022,21521.6
08/24/2022,21468.2
08/23/2022,21239.8
08/22/2022,21285.7
08/21/2022,21380.6
08/20/2022,21186.6
08/19/2022,21135.4
08/18/2022,22783.2
08/17/2022,23447.6
08/16/2022,24018.2
08/15/2022,24101.5
08/14/2022,24832.1
08/13/2022,24589.3
08/12/2022,24744.9
08/11/2022,23997.1
08/10/2022,24353.8
08/09/2022,22876.6
08/08/2022,23813.3
08/07/2022,23307
08/06/2022,22999.6
08/05/2022,23202.8
08/04/2022,23158.2
08/03/2022,23069.8
08/02/2022,22852.4
08/01/2022,22876.7
07/31/2022,23361
07/30/2022,23706.7
07/29/2022,23813.7
07/28/2022,23924
07/27/2022,23139.2
07/26/2022,21068.7
07/25/2022,21143.6
07/24/2022,21802.8
07/23/2022,22333.2
07/22/2022,22883.4
07/21/2022,22910.9
07/20/2022,22841.5
07/19/2022,23430.7
07/18/2022,21835.6
07/17/2022,21265.2
07/16/2022,21344.5
07/15/2022,20757.6
07/14/2022,20547.4
07/13/2022,20221.4
07/12/2022,19475.1
07/11/2022,19924.2
07/10/2022,20615.7
07/09/2022,21298.5
07/08/2022,21603.8
07/07/2022,22102
07/06/2022,20460.6
07/05/2022,19948
07/03/2022,19078
07/02/2022,19273.8
07/01/2022,19103.7
06/30/2022,19854.4
06/29/2022,20064.8
06/28/2022,20240.5
06/27/2022,20718.4
06/26/2022,21132.9
06/25/2022,21419.2
06/24/2022,21320.3
06/23/2022,21069.2
06/22/2022,20259.8
06/21/2022,20277.3
06/20/2022,20637.4
06/19/2022,20078.6
06/18/2022,18462.4
06/17/2022,20420.4
06/16/2022,20395.9
06/15/2022,22213
06/14/2022,21648.5
06/13/2022,22022.8
06/12/2022,25522.6
06/11/2022,27622.2
06/10/2022,29268.5
06/09/2022,30159.6
06/08/2022,30271.8
06/07/2022,30095.8
06/06/2022,29567.6
06/05/2022,31193.9
06/04/2022,29746.8
06/03/2022,29565
06/02/2022,30486.2
06/01/2022,29716.8
05/31/2022,31631
05/30/2022,30598.9
05/29/2022,30301.8
05/28/2022,28939.3
05/27/2022,28789.8
05/26/2022,29045.8
05/25/2022,29787.1
05/24/2022,30162.7
05/23/2022,29281
05/22/2022,30149.6
05/21/2022,29360.2
05/20/2022,29187.4
05/19/2022,30209.3
05/18/2022,29202.1
05/17/2022,29840.9
05/16/2022,30426.4
05/15/2022,30298
05/14/2022,29700.5
05/13/2022,29540.2
05/12/2022,30636.3
05/11/2022,28757.2
05/10/2022,31290.5
05/09/2022,30665.4
05/08/2022,33582
05/07/2022,34461
05/06/2022,35866
05/05/2022,36405
05/04/2022,39727
05/03/2022,38004
05/02/2022,38523
05/01/2022,38699
04/30/2022,38005
04/29/2022,38649
04/28/2022,39487
04/27/2022,39352
04/26/2022,38379
04/25/2022,40536
04/24/2022,39255
04/23/2022,39801
04/22/2022,39441
04/21/2022,40549
04/20/2022,41669
04/19/2022,41359
04/18/2022,40710
04/17/2022,40430
04/16/2022,40299
04/15/2022,40432
04/14/2022,40155
04/13/2022,41314
04/12/2022,40095
04/11/2022,39695
04/10/2022,42079
04/09/2022,42786
04/08/2022,42419
04/07/2022,43572
04/06/2022,43297
04/05/2022,45228
04/04/2022,46622
04/03/2022,46110
04/02/2022,46201
04/01/2022,46541
03/31/2022,44525
03/30/2022,47109
03/29/2022,47475
03/28/2022,47350
03/27/2022,47016
03/26/2022,44652
03/25/2022,44380
03/24/2022,43969
03/23/2022,42797
03/22/2022,42145
03/21/2022,42263
03/20/2022,40887
03/19/2022,41988
03/18/2022,41575.3
03/17/2022,40498.2
03/16/2022,41003.8
03/15/2022,39177.4
03/14/2022,38729.5
03/13/2022,38109.1
03/12/2022,39181.1
03/11/2022,39188.2
03/10/2022,38491
03/09/2022,39648
03/08/2022,41623.2
03/07/2022,38487.5
03/06/2022,37951.3
03/03/2022,42449.2
03/02/2022,43300.1
03/01/2022,44336.6
02/28/2022,43331.5
02/27/2022,37827.8
02/26/2022,38608.2
02/25/2022,39443.6
02/24/2022,38756.5
02/23/2022,35078.8
02/22/2022,37982.8
02/21/2022,36714.9
02/20/2022,39234
02/19/2022,39622.6
02/18/2022,40169.6
02/17/2022,40652.1
02/16/2022,43692.1
02/15/2022,43852.7
02/14/2022,43483.8
02/13/2022,41909.3
02/12/2022,42202.7
02/11/2022,42275.7
02/10/2022,43052.3
02/09/2022,43607.8
02/08/2022,43555.2
02/07/2022,44287.8
02/06/2022,42793.1
02/05/2022,41521.7
02/04/2022,41450.2
02/03/2022,37334.7
02/02/2022,36961.3
02/01/2022,38467.8
01/31/2022,38539.1
01/30/2022,36958.5
01/29/2022,38040.5
01/28/2022,37844.5
01/27/2022,37151.3
01/26/2022,35905.8
01/25/2022,36391.9
01/24/2022,36013.2
01/23/2022,35095.6
01/22/2022,35245.4
01/21/2022,36303.9
01/20/2022,38853.1
01/19/2022,41929.2
01/18/2022,41705.1
01/17/2022,42026.6
01/16/2022,42721.7
01/15/2022,43069.7
01/14/2022,42878.6
01/13/2022,42747.6
01/12/2022,43618.7
01/11/2022,42576.5
01/10/2022,42191
01/09/2022,42346.2
01/08/2022,41976.8
01/07/2022,41950.2
01/06/2022,41628.5
01/05/2022,42947.9
01/04/2022,46439.5
01/03/2022,46069.1
01/02/2022,46819.5
01/01/2022,47043.6
12/31/2021,46762.2
12/30/2021,47315.3
12/29/2021,46773
12/28/2021,47862.4
12/27/2021,49151.8
12/26/2021,51003.8
12/25/2021,49819.5
12/24/2021,50890.6
12/23/2021,51052
12/22/2021,48475.2
12/21/2021,49302.3
12/20/2021,48589.7
12/19/2021,47133.6
12/18/2021,48000.5
12/17/2021,46421.2
12/16/2021,47915.7
12/15/2021,48788.9
12/14/2021,48249.7
12/13/2021,46988.2
12/12/2021,49007.3
12/11/2021,48922.7
12/10/2021,48434.8
12/09/2021,48234.5
12/08/2021,49730.4
12/07/2021,50189.3
12/06/2021,50907.7
12/05/2021,49059
12/04/2021,48367.5
12/03/2021,51422.3
12/02/2021,56546.4
12/01/2021,56496.9
11/30/2021,57078.1
11/29/2021,57219.4
11/28/2021,57371.9
11/27/2021,53998
11/26/2021,54553.2
11/25/2021,57815.7
11/24/2021,57272.3
11/23/2021,56578.8
11/22/2021,56902.1
11/21/2021,57290
11/20/2021,58654.6
11/19/2021,58425.7
11/18/2021,56147.5
11/17/2021,59941.3
11/16/2021,58999.1
11/15/2021,61418.5
11/14/2021,65736.6
11/13/2021,64749.6
11/12/2021,63800.9
11/11/2021,65005.4
11/10/2021,64556.4
11/09/2021,66627.7
11/08/2021,68205.4
11/07/2021,65164.5
11/06/2021,62091.7
11/05/2021,61078.6
11/04/2021,62139.5
11/03/2021,62464
11/02/2021,63041.7
11/01/2021,61098.7
10/31/2021,60086.2
10/30/2021,61648.6
10/29/2021,61707.2
10/28/2021,61558.1
10/27/2021,58791.1
10/26/2021,60708.6
10/25/2021,62688.4
10/24/2021,62094.3
10/23/2021,61253.3
10/22/2021,61162.7
10/21/2021,63145
10/20/2021,64998.5
10/19/2021,63918.7
10/18/2021,62643.6
10/17/2021,62055.5
10/16/2021,61159
10/15/2021,61426.5
10/14/2021,59323.5
10/13/2021,58168.4
10/12/2021,56297.4
10/11/2021,56704.4
10/10/2021,56534.9
10/09/2021,54868.6
10/08/2021,54637.5
10/07/2021,53810.6
10/06/2021,54966.6
10/05/2021,51540.8
10/04/2021,49210.2
10/03/2021,47498.3
10/02/2021,47662.7
10/01/2021,47548
09/30/2021,43467.3
09/29/2021,43446.4
09/28/2021,42092.6
09/27/2021,43863.5
09/26/2021,43889.5
09/25/2021,42234.2
09/24/2021,42654.1
09/23/2021,44365.4
09/22/2021,43959.2
09/21/2021,42206.2
09/20/2021,42686.2
09/19/2021,45526.3
09/18/2021,47940.9
09/17/2021,47526.6
09/16/2021,47876.3
09/15/2021,47545.5
09/14/2021,47097.4
09/13/2021,45281.7
09/12/2021,44973.6
09/11/2021,45308.7
09/10/2021,45023.2
09/09/2021,46604.7
09/08/2021,45904.5
09/07/2021,46533.2
09/06/2021,52639.6
09/05/2021,50129.3
09/04/2021,49716.3
09/03/2021,50267.4
09/02/2021,49446.8
09/01/2021,49571.7
08/31/2021,46918.2
08/30/2021,47177
08/29/2021,47944.6
08/28/2021,48258.5
08/27/2021,48880.7
08/26/2021,46867.7
08/25/2021,47967.1
08/24/2021,48000.6
08/23/2021,49352.5
08/22/2021,50226.5
08/21/2021,48736.4
08/20/2021,48901.9
08/19/2021,47048
08/18/2021,44177.2
08/17/2021,44959
08/16/2021,46399.9
08/15/2021,47497.9
08/14/2021,47015.6
08/13/2021,47500.4
08/12/2021,44962.2
08/11/2021,46123.5
08/10/2021,45600.4
08/09/2021,45689.8
08/08/2021,43552.4
08/07/2021,44307.8
08/06/2021,43672.9
08/05/2021,40166.6
08/04/2021,39431.3
08/03/2021,38054.8
08/02/2021,38569.7
08/01/2021,39782.5
07/31/2021,42281.8
07/30/2021,41914.8
07/29/2021,39976.3
07/28/2021,39740.4
07/27/2021,39831.3
07/26/2021,36914.2
07/25/2021,38138
07/24/2021,34234.5
07/23/2021,33611.3
07/22/2021,32537.4
07/21/2021,31960.1
07/20/2021,29849.9
07/19/2021,29619.3
07/18/2021,31577.7
07/17/2021,32132.1
07/16/2021,31326.6
07/15/2021,31906.4
07/14/2021,32711.8
07/13/2021,31785
07/12/2021,33139.4
07/11/2021,34504.4
07/10/2021,33461.4
07/09/2021,33827.8
07/08/2021,32956.6
07/07/2021,33359.6
07/06/2021,34428.1
07/05/2021,33883.2
07/04/2021,34334.7
07/03/2021,34771.6
07/02/2021,33396
07/01/2021,32895.6
06/30/2021,34202.6
06/29/2021,35254.7
06/28/2021,34555.3
06/27/2021,34458.7
06/26/2021,33189.6
06/25/2021,32063.6
06/24/2021,35098.7
06/23/2021,32466.3
06/22/2021,33811.7
06/21/2021,33025.6
06/20/2021,34681
06/19/2021,35636.2
06/18/2021,34963.5
06/17/2021,37940.2
06/16/2021,38834.5
06/15/2021,40023.9
06/14/2021,40479.3
06/13/2021,38826.4
06/12/2021,34950.8
06/11/2021,35339.5
06/10/2021,36665.9
06/09/2021,37012.9
06/08/2021,32952.3
06/07/2021,32869
06/06/2021,36404.7
06/05/2021,35968.9
06/04/2021,37419.3
06/03/2021,37877.1
06/02/2021,37581.7
06/01/2021,36395.6
05/31/2021,36617.3
05/30/2021,34408.7
05/29/2021,34670.7
05/28/2021,36324.7
05/27/2021,37973.8
05/26/2021,37470
05/25/2021,39444.5
05/24/2021,38288.4
05/23/2021,35298.3
05/22/2021,37436.4
05/21/2021,36906.3
05/20/2021,40779.5
05/19/2021,38220.1
05/18/2021,40569
05/17/2021,44847.2
05/16/2021,43493.4
05/15/2021,47875.9
05/14/2021,49762.8
05/13/2021,49391.5
05/12/2021,49715.2
05/11/2021,57752.6
05/10/2021,55126.4
05/09/2021,59352.4
05/08/2021,58976.3
05/07/2021,58058.1
05/06/2021,55920
05/05/2021,56860.9
05/04/2021,55085.6
05/03/2021,55470.2
05/02/2021,57961.5
05/01/2021,56591
04/30/2021,58188.8
04/29/2021,53667
04/28/2021,54165.8
04/27/2021,55019.8
04/26/2021,53527.9
04/25/2021,52265.6
04/24/2021,49705.9
04/23/2021,50207
04/22/2021,50197.1
04/21/2021,53351.4
04/20/2021,55500.5
04/19/2021,54759.9
04/18/2021,57230.4
04/17/2021,53728.9
04/16/2021,62376.3
04/15/2021,63063.3
04/14/2021,63001.1
04/13/2021,63809
04/12/2021,60535.5
04/11/2021,60211.2
04/10/2021,60319.8
04/09/2021,59119.4
04/08/2021,58081.2
04/07/2021,56580.9
04/06/2021,57907.1
04/05/2021,58800.4
04/04/2021,57555.1
04/03/2021,57325.1
04/02/2021,59205.3
04/01/2021,59733.7
03/31/2021,58995.8
03/30/2021,58534.6
03/29/2021,57141
03/28/2021,55393.9
03/27/2021,56133.6
03/26/2021,54751.7
03/25/2021,52428.5
03/24/2021,52136.7
03/23/2021,54444.7
03/22/2021,54577
03/21/2021,57316.4
03/20/2021,57754.5
03/19/2021,58296.2
03/18/2021,57859.3
03/17/2021,58727.6
03/16/2021,55835.2
03/15/2021,54269.4
03/14/2021,60375.5
03/13/2021,61218.9
03/12/2021,56485.1
03/11/2021,56710.6
03/10/2021,55667.1
03/09/2021,53565.5
03/08/2021,53878.4
03/07/2021,50411.2
03/06/2021,49501.2
03/05/2021,48447.7
03/04/2021,47132
03/03/2021,49278.1
03/02/2021,49207.5
03/01/2021,49053
02/28/2021,46566.6
02/27/2021,44741
02/26/2021,47762.9
02/25/2021,47020
02/24/2021,49822.7
02/23/2021,50884.3
02/22/2021,50379
02/21/2021,55531.8
02/20/2021,56537.3
02/19/2021,55941.9
02/18/2021,51137.3
02/17/2021,52070.7
02/16/2021,49273.4
02/15/2021,49224.3
02/14/2021,46784.5
02/13/2021,47564.1
02/12/2021,47856.3
02/11/2021,47123.7
02/10/2021,44618.5
02/09/2021,46010.7
02/08/2021,46400.5
02/07/2021,38611.7
02/06/2021,37990.1
02/05/2021,39259.4
02/04/2021,37299.4
02/03/2021,37634.5
02/02/2021,36609.2
02/01/2021,33869.6
01/31/2021,33580.3
01/30/2021,33930.3
01/29/2021,33424.5
01/28/2021,33093.1
01/27/2021,31258.1
01/26/2021,31721.7
01/25/2021,32007.5
01/24/2021,33348.7
01/23/2021,32659.8
01/22/2021,32635.2
01/21/2021,30812.8
01/20/2021,34462.6
01/19/2021,35386.8
01/18/2021,36406.6
01/17/2021,34976.6
01/16/2021,35955.7
01/15/2021,36549.4
01/14/2021,38569.2
01/13/2021,37370.9
01/12/2021,33168.2
01/11/2021,34771.4
01/10/2021,35633.7
01/09/2021,40390.8
01/08/2021,40378.7
01/07/2021,38713.3
01/06/2021,37490
01/05/2021,35228.7
01/04/2021,31381.1
01/03/2021,33328.7
01/02/2021,32861.6
01/01/2021,29400.6
12/31/2020,29238.8
12/30/2020,28940.6
12/29/2020,27838.5
12/28/2020,26381.2
12/27/2020,26946.1
12/26/2020,26710.9
12/25/2020,24911.2
12/24/2020,23577.7
12/23/2020,22977.4
12/22/2020,23516.6
12/21/2020,22954.2
12/20/2020,23901.2
12/19/2020,23300.3
12/18/2020,23083.2
12/17/2020,22947.3
12/16/2020,21837.6
12/15/2020,19381.2
12/14/2020,19309.3
12/13/2020,19083
12/12/2020,18867.2
12/11/2020,18384
12/10/2020,17984
12/09/2020,18455.5
12/08/2020,18217.9
12/07/2020,19178.5
12/06/2020,19288.8
12/05/2020,19203.7
12/04/2020,18884.1
12/03/2020,19288.2
12/02/2020,19065.4
12/01/2020,18507.3
11/30/2020,19466.8
11/29/2020,18511.3
11/28/2020,17791.7
11/27/2020,16938.7
11/26/2020,17071.3
11/25/2020,17777.1
11/24/2020,18779.6
11/23/2020,18423.7
11/22/2020,18453.4
11/21/2020,18582.4
11/20/2020,18614.6
11/19/2020,18180
11/18/2020,17843.5
11/17/2020,18376.8
11/16/2020,16648.2
11/15/2020,16004.3
11/14/2020,15924.2
11/13/2020,16116.8
11/12/2020,16395.1
11/11/2020,15659.1
11/10/2020,15385.2
11/09/2020,15396.9
11/08/2020,15395.6
11/07/2020,15030.2
11/06/2020,15498.7
11/05/2020,15548.2
11/04/2020,14292.5
11/03/2020,13897.3
11/02/2020,13419
11/01/2020,13666.5
10/31/2020,13659
10/30/2020,13471.3
10/29/2020,13452.7
10/28/2020,13266.6
10/27/2020,13799.5
10/26/2020,13090
10/25/2020,13101.3
10/24/2020,13303.9
10/23/2020,12982.1
10/22/2020,12958.2
10/21/2020,12770.2
10/20/2020,12195.9
10/19/2020,11756.5
10/18/2020,11430.9
10/17/2020,11372.3
10/16/2020,11355.2
10/15/2020,11499
10/14/2020,11376.5
10/13/2020,11442.7
10/12/2020,11469.1
10/11/2020,11395.5
10/10/2020,11327.2
10/09/2020,11419.8
10/08/2020,10896.3
10/07/2020,10645.4
10/06/2020,10588.9
10/05/2020,10778.5
10/04/2020,10684.2
10/03/2020,10545.4
10/02/2020,10552.7
10/01/2020,10613.6
09/30/2020,10801.9
09/29/2020,10768.5
09/28/2020,10697.8
09/27/2020,10895.8
09/26/2020,10778.7
09/25/2020,10706.4
09/24/2020,10685.4
09/23/2020,10300.2
09/22/2020,10485.9
09/21/2020,10450.9
09/20/2020,10957.9
09/19/2020,10950.5
09/18/2020,10960
09/17/2020,10938.2
09/16/2020,10887.4
09/15/2020,10762.2
09/14/2020,10739.2
09/13/2020,10353
09/12/2020,10546.3
09/11/2020,10351.7
09/10/2020,10222.9
09/09/2020,10365.6
09/08/2020,10000.4
09/07/2020,10305.7
09/06/2020,10195.3
09/05/2020,10169.7
09/04/2020,10432.4
09/03/2020,10249.6
09/02/2020,11375.1
09/01/2020,11844.4
08/31/2020,11674.8
08/30/2020,11668.4
08/29/2020,11600.8
08/28/2020,11496.2
08/27/2020,11368
08/26/2020,11401.6
08/25/2020,11350.2
08/24/2020,11690.4
08/23/2020,11666.8
08/22/2020,11591.8
08/21/2020,11468.1
08/20/2020,11847.5
08/19/2020,11718
08/18/2020,11855.9
08/17/2020,12283
08/16/2020,11857.3
08/15/2020,11904.6
08/14/2020,11865.4
08/13/2020,11735.7
08/12/2020,11575.9
08/11/2020,11354.3
08/10/2020,11823.1
08/09/2020,12008.2
08/08/2020,11743.6
08/07/2020,11549.1
08/06/2020,11850.5
08/05/2020,11653.3
08/04/2020,11221.5
08/03/2020,11254.1
08/02/2020,11157.1
08/01/2020,11941.5
07/31/2020,11387.8
07/30/2020,10980.8
07/29/2020,10999
07/28/2020,10956.7
07/27/2020,10935.6
07/26/2020,10192
07/25/2020,9666.3
07/24/2020,9589
07/23/2020,9560
07/22/2020,9488.8
07/21/2020,9361.9
07/20/2020,9178.4
07/19/2020,9188.5
07/18/2020,9157
07/17/2020,9139.4
07/16/2020,9110.1
07/15/2020,9200.1
07/14/2020,9242.1
07/13/2020,9224.1
07/12/2020,9274.2
07/11/2020,9276.5
07/10/2020,9263.8
07/09/2020,9215.5
07/08/2020,9382.5
07/07/2020,9300.5
07/06/2020,9299.5
07/05/2020,9088.7
07/04/2020,9134.9
07/03/2020,9086.1
07/02/2020,9202
07/01/2020,9233.4
06/30/2020,9124.2
06/29/2020,9171.7
06/28/2020,9104.5
06/27/2020,8970.6
06/26/2020,9163.1
06/25/2020,9249.4
06/24/2020,9074.7
06/23/2020,9645.9
06/22/2020,9651.7
06/21/2020,9378.5
06/20/2020,9362
06/19/2020,9331.8
06/18/2020,9267.9
06/17/2020,9436.3
06/16/2020,9461.8
06/15/2020,9549.2
06/14/2020,9438.5
06/13/2020,9431.5
06/12/2020,9421.4
06/11/2020,9381.5
06/10/2020,9878.7
06/09/2020,9754.2
06/08/2020,9682.9
06/07/2020,9718.6
06/06/2020,9697.6
06/05/2020,9616.2
06/04/2020,9555
06/03/2020,9681.7
06/02/2020,9496
06/01/2020,10080.8
05/31/2020,9554.4
05/30/2020,9587.2
05/29/2020,9380.9
05/28/2020,9525.3
05/27/2020,9170.4
05/26/2020,8850.5
05/25/2020,8918.6
05/24/2020,8773.7
05/23/2020,9201
05/22/2020,9275.5
05/21/2020,8998.3
05/20/2020,9477.8
05/19/2020,9722.1
05/18/2020,9524.6
05/17/2020,9856.5
05/16/2020,9559.1
05/15/2020,9419.9
05/14/2020,9497.4
05/13/2020,9329.9
05/12/2020,8913.3
05/11/2020,8727.8
05/10/2020,8659.3
05/09/2020,8635.1
05/08/2020,9873.7
05/07/2020,9925.1
05/06/2020,9263.6
05/05/2020,8995.9
05/04/2020,8870.5
05/03/2020,8747.9
05/02/2020,9137.7
05/01/2020,8845.2
04/30/2020,8673.9
04/29/2020,9185.7
04/28/2020,7801
04/27/2020,7706.2
04/26/2020,7723.7
04/25/2020,7569.2
04/24/2020,7510.2
04/23/2020,7520.8
04/22/2020,7129.2
04/21/2020,6852
04/20/2020,6854.9
04/19/2020,7162.6
04/18/2020,7209.4
04/17/2020,7083.3
04/16/2020,7076.6
04/15/2020,6659.5
04/14/2020,6902.3
04/13/2020,6884.9
04/12/2020,6684.4
04/11/2020,6808.9
04/10/2020,6901
04/09/2020,7169.3
04/08/2020,7281.3
04/07/2020,7356.8
04/06/2020,7304.8
04/05/2020,6836.3
04/04/2020,6804.7
04/03/2020,6706.4
04/02/2020,6799.3
04/01/2020,6594.4
03/31/2020,6346.7
03/30/2020,6454.3
03/29/2020,5998.8
03/28/2020,6214.5
03/27/2020,6122.4
03/26/2020,6782
03/25/2020,6726.3
03/24/2020,6571.6
03/23/2020,6547.6
03/22/2020,5977.5
03/21/2020,6349.6
03/20/2020,6246.2
03/19/2020,6095.4
03/18/2020,5275
03/17/2020,5342.1
03/16/2020,5218.8
03/15/2020,5267.4
03/14/2020,5184.5
03/13/2020,5584.1
03/12/2020,5105.3
03/11/2020,7653.3
03/10/2020,7926.2
03/09/2020,7911.4
03/08/2020,8052.9
03/07/2020,8738.9
03/06/2020,9077.1
03/05/2020,9050.1
03/04/2020,8745.4
03/03/2020,8813.5
03/02/2020,8840.3
03/01/2020,8634.3
02/29/2020,8592.1
02/28/2020,8747.9
02/27/2020,8853.6
02/26/2020,8705.3
02/25/2020,9177.8
02/24/2020,9592.1
02/23/2020,9754.5
02/22/2020,9839.7
02/21/2020,9626.9
02/20/2020,9688
02/19/2020,9578.4
02/18/2020,10113.9
02/17/2020,9640.9
02/16/2020,9748.9
02/15/2020,10009.8
02/14/2020,10275.1
02/13/2020,10232.4
02/12/2020,10391.1
02/11/2020,10292.6
02/10/2020,9733.4
02/09/2020,10064
02/08/2020,10092.9
02/07/2020,9763.2
02/06/2020,9807
02/05/2020,9629.3
02/04/2020,9236.7
02/03/2020,9274.2
02/02/2020,9393.5
02/01/2020,9317.5
01/31/2020,9411.6
01/30/2020,9412.1
01/29/2020,9330
01/28/2020,9332.6
01/27/2020,9078.2
01/26/2020,8633.1
01/25/2020,8363
01/24/2020,8309.3
01/23/2020,8305.9
01/22/2020,8584.7
01/21/2020,8730.7
01/20/2020,8680.7
01/19/2020,8662.4
01/18/2020,9138.5
01/17/2020,8860.9
01/16/2020,8800.9
01/15/2020,8659.6
01/14/2020,8662.6
01/13/2020,8547.2
01/12/2020,8130.8
01/11/2020,8075.1
01/10/2020,8126
01/09/2020,7813.9
01/08/2020,7964.8
01/07/2020,8332
01/06/2020,7834.6
01/05/2020,7547.3
01/04/2020,7473.4
01/03/2020,7340.5
01/02/2020,7192
01/01/2020,7144.6
12/31/2019,7222
12/30/2019,7257.9
12/29/2019,7389
12/28/2019,7350.2
12/27/2019,7262.8
12/26/2019,7210.2
12/25/2019,7199.3
12/24/2019,7259.6
12/23/2019,7335.6
12/22/2019,7569.3
12/21/2019,7157
12/20/2019,7161.9
12/19/2019,7150.4
12/18/2019,7156.5
12/17/2019,6672.5
12/16/2019,6903.3
12/15/2019,7071.5
12/14/2019,7075.2
12/13/2019,7259.3
12/12/2019,7242.9
12/11/2019,7167.7
12/10/2019,7236.4
12/09/2019,7394.6
12/08/2019,7512.3
12/07/2019,7445.8
12/06/2019,7567.2
12/05/2019,7397.5
12/04/2019,7221.4
12/03/2019,7162.3
12/02/2019,7299.3
12/01/2019,7361
11/30/2019,7341.6
11/29/2019,7745.6
11/28/2019,7480
11/27/2019,7490.6
11/26/2019,7111.6
11/25/2019,7158
11/24/2019,6763
11/23/2019,7244.8
11/22/2019,7238.9
11/21/2019,7635.2
11/20/2019,8114.1
11/19/2019,8135.5
11/18/2019,8206.8
11/17/2019,8457.7
11/16/2019,8499.5
11/15/2019,8470.2
11/14/2019,8574.6
11/13/2019,8758.9
11/12/2019,8761.7
11/11/2019,8763.2
11/10/2019,9037.4
11/09/2019,8770.7
11/08/2019,8834.5
11/07/2019,9248.5
11/06/2019,9293.7
11/05/2019,9319.6
11/04/2019,9421.2
11/03/2019,9174
11/02/2019,9316.3
11/01/2019,9244.8
10/31/2019,9124
10/30/2019,9116.4
10/29/2019,9359.7
10/28/2019,9284.8
10/27/2019,9710
10/26/2019,9129.9
10/25/2019,8575.9
10/24/2019,7443.9
10/23/2019,7447.1
10/22/2019,8031.1
10/21/2019,8190
10/20/2019,8217.2
10/19/2019,7917.6
10/18/2019,7906.3
10/17/2019,8109.1
10/16/2019,7976.1
10/15/2019,8170
10/14/2019,8331.9
10/13/2019,8298.4
10/12/2019,8350.4
10/11/2019,8304.3
10/10/2019,8512.2
10/09/2019,8528.9
10/08/2019,8166.4
10/07/2019,8282.3
10/06/2019,7965.4
10/05/2019,8064.4
10/04/2019,8121.6
10/03/2019,8131.8
10/02/2019,8341.7
10/01/2019,8293.4
09/30/2019,8275.9
09/29/2019,7995
09/28/2019,8165.8
09/27/2019,8151.5
09/26/2019,7970.9
09/25/2019,8364.4
09/24/2019,8682.6
09/23/2019,9720.3
09/22/2019,9992.3
09/21/2019,9908.8
09/20/2019,10163.7
09/19/2019,10235.3
09/18/2019,10139.6
09/17/2019,10226.5
09/16/2019,10233.8
09/15/2019,10348.6
09/14/2019,10319
09/13/2019,10303.3
09/12/2019,10372.2
09/11/2019,10109.6
09/10/2019,10080.7
09/09/2019,10408.1
09/08/2019,10361.1
09/07/2019,10487.1
09/06/2019,10363.7
09/05/2019,10586
09/04/2019,10512.6
08/16/2019,10416.8
08/15/2019,10376
08/14/2019,10013.8
08/13/2019,10640.9
08/11/2019,11354.6
08/10/2019,11391
08/06/2019,11786.2
08/05/2019,11601.4
08/04/2019,11389.1
08/03/2019,10845.5
08/02/2019,10775.8
08/01/2019,10385.5
07/31/2019,10010.7
07/30/2019,9678.3
07/29/2019,9544.6
07/28/2019,9774.8
07/27/2019,9485.7
07/26/2019,10156.1
07/25/2019,9756.4
07/24/2019,10127
07/23/2019,9647.7
07/22/2019,10326.5
07/21/2019,10727.8
07/20/2019,10754.4
07/19/2019,10544.6
07/18/2019,10594.8
07/17/2019,9777.4
07/16/2019,9283.5
07/15/2019,10792.9
07/14/2019,10036.4
07/13/2019,11374.2
07/12/2019,11686.5
07/11/2019,11368.1
07/10/2019,11924.8
07/09/2019,13025
07/08/2019,12622.1
07/07/2019,11384.4
07/06/2019,11167.4
07/05/2019,11332.7
07/04/2019,11226
07/03/2019,11829.6
07/02/2019,11268.4
07/01/2019,10327
06/30/2019,11074.2
06/29/2019,12063.6
06/28/2019,11701.5
06/27/2019,11317.6
06/26/2019,12785.1
06/25/2019,11848.4
06/24/2019,11109
06/23/2019,10744.4
06/22/2019,10834.9
06/21/2019,10734.3
06/20/2019,9736.7
06/19/2019,9245
06/18/2019,9136.9
06/17/2019,9311.2
06/16/2019,9111.9
06/15/2019,8955.3
06/14/2019,8628.5
06/13/2019,8177.4
06/12/2019,8093.7
06/11/2019,7837.3
06/10/2019,7940.8
06/09/2019,7636.8
06/08/2019,7878.4
06/07/2019,7969.2
06/06/2019,7778.1
06/05/2019,7825
06/04/2019,7759.7
06/03/2019,8000.9
06/02/2019,8687.7
06/01/2019,8574.7
05/31/2019,8552.8
05/30/2019,8342.4
05/29/2019,8590.6
05/28/2019,8644.5
05/27/2019,8782.5
05/26/2019,8666.6
05/25/2019,8015.8
05/24/2019,8000.2
05/23/2019,7823.4
05/22/2019,7598.8
05/21/2019,7941.1
05/20/2019,7893
05/19/2019,7912.2
05/18/2019,7704.4
05/17/2019,7308.4
05/16/2019,7772.7
05/15/2019,8246.1
05/14/2019,8011.3
05/13/2019,7889.9
05/12/2019,7056.8
05/11/2019,6910.2
05/10/2019,6499.5
05/09/2019,6225.4
05/08/2019,6081.3
05/07/2019,5880.1
05/06/2019,5944.2
05/05/2019,5688.1
05/04/2019,5819.9
05/03/2019,5837
03/18/2019,3974.4
03/17/2019,3979.6
03/16/2019,4001.9
03/15/2019,3926.7
03/14/2019,3879.8
03/13/2019,3864.9
03/12/2019,3886
03/11/2019,3865.1
03/10/2019,3915.2
03/09/2019,3944.4
03/08/2019,3865.9